ID,school,sex,age,address,famsize,Pstatus,Medu,Fedu,Mjob,Fjob,reason,guardian,traveltime,studytime,failures,schoolsup,famsup,paid,activities,nursery,higher,internet,romantic,famrel,freetime,goout,Dalc,Walc,health,absences,G1,G2,G3
641,GP,M,17.0,U,GT3,T,2.0,3.0,other,other,course,father,2.0,1.0,0.0,no,,no,no,yes,yes,yes,no,5.0,2.0,2.0,1.0,1.0,2.0,2.0,9.237550711,12.23177111,13.24890644
510,GP,,16.0,U,LE3,T,2.0,4.0,other,health,,father,2.0,2.0,,no,yes,no,yes,,yes,yes,yes,4.0,2.0,2.0,1.0,2.0,5.0,2.0,14.23285175,12.24308253,13.20182866
516,GP,F,15.0,U,GT3,,2.0,3.0,other,other,other,father,2.0,,0.0,no,yes,no,yes,,yes,no,no,3.0,,,,1.0,,4.0,11.20608386,,11.10077947
306,GP,M,15.0,R,GT3,T,3.0,4.0,,,course,mother,4.0,2.0,0.0,no,yes,no,no,yes,yes,no,yes,5.0,3.0,,1.0,1.0,5.0,2.0,12.20262585,11.18783061,11.17675988
124,,F,16.0,U,,T,2.0,2.0,,other,course,mother,,2.0,0.0,,yes,no,no,yes,yes,no,no,4.0,3.0,4.0,1.0,2.0,2.0,6.0,13.13436632,11.21016027,11.23136753
523,GP,F,18.0,U,LE3,T,4.0,3.0,health,services,course,mother,2.0,1.0,0.0,no,,,no,yes,yes,yes,no,3.0,2.0,,1.0,4.0,1.0,8.0,12.16174639,12.17161322,15.18669634
535,MS,F,17.0,R,GT3,T,3.0,1.0,other,other,course,mother,2.0,2.0,3.0,no,yes,no,yes,no,yes,yes,yes,,4.0,4.0,1.0,1.0,5.0,2.0,7.183354928,9.171212245,10.19540327
433,GP,M,,U,GT3,T,4.0,4.0,services,services,course,,1.0,1.0,0.0,no,no,yes,yes,yes,yes,yes,no,5.0,3.0,2.0,,2.0,,4.0,14.16167898,15.10269583,15.22327028
361,,F,17.0,U,GT3,T,1.0,1.0,other,services,course,father,1.0,2.0,0.0,no,yes,,no,yes,yes,no,no,4.0,3.0,4.0,1.0,2.0,5.0,4.0,11.18393393,10.18814162,11.13851203
207,GP,F,17.0,U,GT3,T,4.0,2.0,other,other,reputation,,2.0,3.0,0.0,no,yes,no,,,yes,yes,no,4.0,,3.0,1.0,1.0,3.0,0.0,16.10063268,16.12000731,16.19504098
503,,M,17.0,R,GT3,T,3.0,2.0,other,other,course,,2.0,2.0,2.0,yes,yes,,no,yes,yes,yes,,4.0,4.0,4.0,1.0,,3.0,4.0,7.128172275,6.214902132,8.145154707
157,MS,F,16.0,R,,T,1.0,1.0,other,other,home,father,4.0,4.0,0.0,no,yes,no,no,no,yes,yes,no,,3.0,2.0,1.0,1.0,1.0,,13.13564756,10.24914257,13.17661666
348,,F,16.0,U,LE3,T,1.0,1.0,at_home,at_home,,mother,1.0,1.0,0.0,no,no,no,no,yes,yes,yes,no,3.0,4.0,4.0,3.0,3.0,1.0,4.0,10.18089424,11.17176373,11.15113558
4,GP,F,18.0,U,LE3,,4.0,4.0,health,other,home,mother,1.0,,0.0,no,yes,yes,no,yes,yes,yes,yes,4.0,2.0,4.0,1.0,1.0,4.0,0.0,14.1131222,15.2087301,15.23496717
61,GP,,,U,GT3,T,4.0,4.0,health,other,reputation,father,1.0,2.0,0.0,no,yes,no,yes,yes,yes,yes,no,4.0,2.0,4.0,2.0,4.0,1.0,0.0,13.16935658,,14.21348496
399,MS,F,,U,GT3,T,1.0,,at_home,at_home,course,father,2.0,2.0,0.0,no,,no,no,yes,no,no,no,4.0,1.0,1.0,1.0,1.0,,0.0,11.22574778,11.22008015,12.1011159
588,,F,17.0,R,GT3,T,3.0,1.0,at_home,other,reputation,mother,1.0,,0.0,,yes,no,yes,no,yes,yes,no,4.0,5.0,4.0,2.0,3.0,1.0,10.0,8.226937947,,9.174735538
613,GP,F,16.0,U,GT3,T,4.0,2.0,teacher,services,home,mother,2.0,2.0,,no,yes,no,yes,yes,,yes,no,5.0,3.0,3.0,1.0,1.0,1.0,2.0,13.19264641,14.209382,14.13747823
364,GP,M,15.0,U,GT3,T,2.0,3.0,other,other,home,mother,1.0,3.0,,yes,no,,no,no,yes,yes,,5.0,3.0,2.0,1.0,2.0,5.0,2.0,10.17779552,9.198184132,9.206746684
255,MS,M,16.0,U,GT3,T,1.0,1.0,at_home,services,home,mother,2.0,2.0,0.0,no,yes,no,,yes,yes,no,yes,5.0,4.0,5.0,4.0,,3.0,0.0,7.148621063,0.185967268,0.226593094
219,GP,F,16.0,,GT3,,2.0,2.0,other,other,reputation,,1.0,4.0,0.0,no,no,no,no,yes,yes,yes,yes,5.0,2.0,3.0,1.0,3.0,3.0,1.0,13.20420635,13.19203682,13.1271297
372,GP,F,16.0,U,GT3,T,4.0,3.0,teacher,health,,,1.0,3.0,0.0,yes,yes,no,,yes,,yes,no,3.0,4.0,4.0,2.0,4.0,4.0,0.0,14.24186028,,13.17271755
625,GP,F,16.0,U,GT3,T,,3.0,other,other,home,mother,1.0,3.0,0.0,no,yes,no,no,yes,yes,yes,yes,4.0,3.0,3.0,1.0,3.0,4.0,2.0,9.16408323,11.23526875,11.10167711
587,MS,F,16.0,U,,T,,3.0,other,other,reputation,mother,1.0,1.0,0.0,no,no,no,yes,yes,no,,yes,,5.0,4.0,1.0,1.0,4.0,0.0,,13.17548312,13.13702783
77,MS,,19.0,R,GT3,T,1.0,1.0,other,services,home,other,3.0,2.0,1.0,no,no,no,no,yes,yes,yes,no,5.0,4.0,,3.0,3.0,2.0,8.0,10.1371505,9.141193597,11.24128106
100,MS,F,18.0,U,GT3,T,3.0,3.0,other,,home,,1.0,2.0,0.0,no,no,no,no,,yes,,yes,4.0,1.0,3.0,1.0,2.0,1.0,1.0,,16.21373576,16.1273685
27,MS,M,16.0,U,GT3,T,4.0,4.0,other,teacher,course,father,1.0,2.0,0.0,no,yes,no,yes,yes,yes,no,yes,4.0,3.0,1.0,1.0,1.0,3.0,0.0,13.11148369,12.21176687,13.16891901
501,MS,,17.0,U,GT3,T,3.0,4.0,,other,other,mother,,2.0,1.0,no,yes,no,,no,yes,yes,yes,,4.0,4.0,3.0,4.0,5.0,8.0,8.146597568,9.111903257,8.249280746
165,MS,F,16.0,R,GT3,T,1.0,1.0,at_home,other,other,mother,2.0,1.0,0.0,no,,no,yes,yes,yes,yes,yes,4.0,2.0,2.0,4.0,3.0,2.0,0.0,13.12716796,12.2263846,14.18971216
230,GP,M,15.0,U,GT3,T,4.0,4.0,teacher,health,reputation,mother,1.0,2.0,0.0,no,yes,no,yes,,yes,no,no,3.0,2.0,,1.0,1.0,5.0,8.0,,15.20518696,16.20976716
179,GP,,18.0,U,,T,4.0,,teacher,other,course,mother,1.0,3.0,0.0,no,,no,,yes,yes,yes,yes,5.0,4.0,5.0,2.0,,5.0,0.0,14.2141704,13.10256027,14.11373624
636,GP,M,16.0,U,GT3,T,2.0,,services,other,reputation,father,2.0,2.0,0.0,no,,no,yes,no,yes,,no,4.0,4.0,,,1.0,3.0,6.0,12.12926089,10.1697359,11.23441836
296,MS,F,18.0,R,LE3,T,4.0,4.0,teacher,services,course,mother,,2.0,0.0,no,no,no,,,yes,yes,no,5.0,4.0,3.0,3.0,4.0,2.0,1.0,13.19908677,,14.1153278
324,GP,,15.0,U,LE3,T,1.0,2.0,other,at_home,home,,1.0,2.0,0.0,yes,yes,no,yes,yes,yes,yes,no,4.0,3.0,2.0,1.0,1.0,5.0,0.0,14.16645771,13.13940099,14.16246731
611,MS,F,16.0,R,GT3,T,2.0,2.0,other,services,course,father,3.0,2.0,0.0,no,yes,no,yes,yes,yes,yes,no,5.0,3.0,4.0,,1.0,2.0,1.0,14.24242011,13.23195092,14.19563803
57,GP,,16.0,R,,T,2.0,1.0,other,,course,mother,2.0,1.0,0.0,no,no,no,yes,no,yes,no,no,3.0,3.0,2.0,1.0,3.0,3.0,2.0,14.15397306,13.22856818,12.16651464
632,GP,F,17.0,U,LE3,T,1.0,1.0,at_home,at_home,course,mother,1.0,3.0,0.0,no,yes,no,yes,yes,yes,,yes,4.0,3.0,2.0,1.0,2.0,4.0,10.0,11.2345078,10.20190091,10.24756339
70,MS,F,17.0,R,,T,2.0,2.0,at_home,other,other,mother,1.0,1.0,0.0,no,yes,yes,,yes,yes,yes,no,5.0,1.0,3.0,1.0,2.0,5.0,5.0,9.229728895,9.23150115,9.186562472
228,GP,M,18.0,U,GT3,T,1.0,2.0,at_home,other,home,other,2.0,1.0,0.0,,no,no,no,no,no,yes,no,3.0,4.0,4.0,2.0,4.0,,10.0,10.10508083,10.16509294,11.23381447
148,GP,F,,U,GT3,,1.0,1.0,,services,course,mother,1.0,2.0,0.0,no,no,no,yes,yes,yes,,no,5.0,3.0,3.0,1.0,1.0,3.0,0.0,12.15295467,11.11136204,12.196283
477,MS,,16.0,R,LE3,,1.0,2.0,at_home,other,course,mother,1.0,2.0,0.0,no,no,no,yes,yes,no,,no,,4.0,5.0,1.0,3.0,3.0,0.0,8.225699419,9.148471015,9.231343315
52,MS,M,,R,,T,3.0,2.0,services,other,course,father,2.0,1.0,0.0,no,,no,no,yes,yes,yes,no,4.0,5.0,5.0,2.0,3.0,5.0,2.0,11.22321343,9.23544582,10.16645507
325,GP,M,16.0,U,GT3,T,0.0,2.0,other,other,other,mother,1.0,,0.0,no,,no,,no,yes,yes,no,4.0,3.0,2.0,2.0,4.0,5.0,0.0,11.12919701,12.14817089,11.24750328
74,GP,F,15.0,,GT3,T,4.0,3.0,services,other,reputation,mother,1.0,1.0,0.0,no,no,no,yes,yes,yes,yes,no,,5.0,5.0,,3.0,1.0,6.0,14.21405969,13.13600595,13.1364435
315,GP,M,16.0,,GT3,T,3.0,3.0,services,other,home,mother,1.0,,0.0,no,no,no,yes,yes,yes,yes,yes,4.0,2.0,3.0,,,3.0,0.0,11.12244947,12.20811997,13.21583025
416,GP,F,16.0,U,GT3,A,4.0,1.0,other,other,home,,1.0,2.0,0.0,,no,no,yes,yes,yes,yes,yes,,3.0,3.0,1.0,2.0,5.0,0.0,14.14300708,13.14542213,13.21999045
537,GP,,18.0,U,GT3,,2.0,2.0,services,other,home,mother,1.0,2.0,0.0,no,yes,no,yes,yes,yes,,no,4.0,4.0,4.0,2.0,4.0,5.0,10.0,12.13122585,11.21311846,11.17832791
107,GP,F,15.0,U,GT3,,1.0,2.0,at_home,services,,father,1.0,2.0,0.0,no,no,no,no,no,yes,no,yes,2.0,3.0,4.0,2.0,4.0,1.0,6.0,11.11394215,11.17522994,11.22807336
283,GP,F,17.0,U,GT3,T,3.0,3.0,at_home,other,course,mother,,1.0,0.0,no,yes,,yes,yes,yes,yes,no,4.0,2.0,5.0,,5.0,5.0,,11.10387778,12.15666571,11.15514114
476,MS,F,19.0,U,GT3,T,1.0,1.0,at_home,services,other,father,2.0,1.0,1.0,no,no,no,no,yes,no,no,,5.0,5.0,5.0,2.0,3.0,2.0,0.0,5.183922419,0.12046727,0.229252094
46,GP,F,15.0,U,GT3,T,4.0,4.0,services,at_home,,mother,1.0,3.0,0.0,no,yes,no,yes,yes,yes,yes,yes,4.0,3.0,3.0,1.0,1.0,5.0,4.0,13.1121187,14.16909797,15.11349096
363,GP,,,U,GT3,T,4.0,3.0,health,services,reputation,mother,1.0,4.0,0.0,no,no,no,,yes,yes,yes,no,4.0,2.0,2.0,1.0,1.0,2.0,2.0,17.12286833,17.14534143,17.15507054
130,MS,,16.0,U,,T,3.0,2.0,services,at_home,course,mother,1.0,1.0,0.0,no,no,no,no,yes,yes,yes,no,3.0,1.0,3.0,1.0,4.0,,,7.234188367,6.215987897,7.194711383
479,MS,F,17.0,R,GT3,T,1.0,1.0,,other,reputation,mother,,1.0,0.0,no,yes,no,yes,no,yes,,yes,4.0,4.0,5.0,1.0,2.0,,0.0,11.12995006,11.23834579,11.15124532
512,GP,,19.0,U,GT3,,4.0,,teacher,other,home,other,1.0,1.0,1.0,no,,no,no,yes,yes,yes,yes,3.0,2.0,5.0,4.0,4.0,5.0,5.0,9.174264682,10.10579895,11.1628905
527,MS,F,15.0,,GT3,T,2.0,,at_home,other,home,mother,1.0,,0.0,yes,yes,no,no,no,yes,yes,no,4.0,4.0,2.0,3.0,3.0,2.0,0.0,9.147104561,10.19940863,9.238322596
507,MS,F,15.0,R,LE3,T,1.0,1.0,other,services,course,,2.0,1.0,1.0,no,yes,no,no,yes,yes,yes,yes,4.0,4.0,3.0,1.0,2.0,2.0,4.0,6.182856007,7.2445913,8.237319003
330,GP,M,22.0,U,GT3,T,3.0,1.0,services,services,,mother,1.0,1.0,3.0,no,,no,no,no,no,yes,yes,5.0,4.0,5.0,,5.0,1.0,12.0,,8.209434638,5.211487667
38,GP,M,17.0,U,GT3,T,1.0,1.0,other,other,reputation,father,1.0,2.0,0.0,no,no,no,no,no,yes,yes,no,4.0,3.0,3.0,1.0,2.0,4.0,0.0,12.16513104,12.22375481,12.21011924
465,GP,M,15.0,U,GT3,T,4.0,3.0,teacher,other,course,,2.0,2.0,0.0,no,yes,,no,yes,yes,yes,no,5.0,4.0,3.0,1.0,2.0,3.0,0.0,12.14765209,12.24464418,13.1204415
440,GP,F,17.0,R,,,3.0,1.0,services,,,mother,2.0,4.0,0.0,no,,,no,yes,yes,,no,3.0,1.0,2.0,1.0,1.0,3.0,0.0,,19.10276594,19.18271387
141,GP,,18.0,U,LE3,T,2.0,2.0,other,other,home,other,1.0,2.0,0.0,,no,no,yes,no,yes,yes,yes,4.0,3.0,3.0,1.0,1.0,2.0,0.0,10.17414159,9.202260602,12.13561807
152,GP,F,18.0,R,LE3,T,1.0,1.0,at_home,other,reputation,mother,2.0,4.0,0.0,no,yes,no,yes,yes,yes,,no,5.0,2.0,2.0,1.0,1.0,3.0,2.0,17.15497631,17.15652267,18.13374726
583,GP,F,,U,LE3,T,2.0,1.0,other,other,,father,1.0,2.0,0.0,no,no,no,yes,yes,yes,yes,no,4.0,2.0,3.0,2.0,2.0,2.0,,11.1940259,12.23060038,14.15332681
194,GP,F,18.0,R,GT3,T,4.0,4.0,teacher,other,reputation,mother,,2.0,,no,no,no,yes,yes,yes,yes,,4.0,3.0,4.0,2.0,2.0,,8.0,,11.13909959,12.13613971
631,GP,M,,U,GT3,T,4.0,2.0,teacher,,home,mother,,,0.0,no,yes,,yes,yes,yes,yes,yes,,,2.0,1.0,4.0,5.0,2.0,15.23975687,16.18430618,16.17633438
105,GP,F,17.0,U,GT3,A,4.0,4.0,,teacher,home,mother,2.0,2.0,0.0,yes,yes,no,no,yes,yes,no,no,4.0,1.0,,1.0,1.0,,2.0,10.10876911,13.19443877,13.13093203
506,GP,M,,U,GT3,T,2.0,3.0,other,other,course,mother,2.0,3.0,0.0,no,yes,no,no,no,yes,yes,yes,3.0,2.0,3.0,2.0,2.0,1.0,4.0,13.23330408,12.13460183,13.22643488
513,GP,F,18.0,U,LE3,A,,,other,other,course,mother,1.0,2.0,0.0,no,yes,no,no,no,yes,yes,yes,,3.0,4.0,1.0,3.0,5.0,2.0,12.17438331,,13.23322913
29,GP,M,15.0,R,GT3,T,2.0,3.0,at_home,services,,mother,,2.0,,,no,yes,yes,yes,yes,no,no,4.0,4.0,4.0,1.0,1.0,1.0,,7.205531604,8.202897127,8.123685163
5,GP,F,16.0,U,GT3,A,3.0,4.0,services,other,course,father,1.0,,,no,no,no,no,yes,yes,yes,no,3.0,2.0,1.0,1.0,4.0,5.0,,15.1432012,,14.17026096
532,,F,18.0,,GT3,T,3.0,1.0,,other,,mother,1.0,2.0,0.0,no,no,no,,,yes,yes,yes,5.0,3.0,3.0,1.0,1.0,4.0,4.0,8.186809963,8.129744574,8.20072289
216,GP,F,17.0,,GT3,T,2.0,2.0,other,other,,mother,,,0.0,no,yes,,no,yes,yes,no,yes,,2.0,2.0,1.0,1.0,3.0,4.0,14.21700088,,13.13945768
313,GP,F,16.0,U,GT3,,1.0,3.0,,services,home,mother,1.0,2.0,0.0,no,no,no,yes,no,yes,yes,yes,4.0,3.0,5.0,1.0,1.0,3.0,,14.11909315,13.23643147,13.14176491
606,GP,F,16.0,U,GT3,T,2.0,2.0,services,other,reputation,mother,2.0,2.0,,no,,,yes,,yes,yes,no,3.0,4.0,4.0,1.0,4.0,,,13.17724004,12.18331208,14.15716895
323,GP,F,16.0,U,,T,3.0,1.0,services,other,course,mother,1.0,4.0,0.0,yes,yes,no,no,yes,yes,yes,no,4.0,3.0,3.0,1.0,2.0,5.0,0.0,10.1467925,,10.18909403
48,GP,F,17.0,U,,T,3.0,3.0,other,other,home,mother,1.0,3.0,0.0,no,no,no,yes,no,yes,no,no,3.0,2.0,3.0,1.0,1.0,4.0,2.0,15.23604177,12.21384967,13.20723908
539,GP,F,17.0,U,GT3,T,3.0,3.0,services,other,home,mother,,3.0,0.0,no,yes,no,no,yes,yes,yes,yes,4.0,2.0,2.0,2.0,3.0,,10.0,11.10813864,11.11653453,11.17610935
84,GP,M,18.0,U,GT3,T,,2.0,services,other,course,mother,,1.0,0.0,no,no,no,no,yes,no,yes,no,4.0,4.0,5.0,,4.0,5.0,8.0,7.194000459,8.158952554,7.144363775
307,MS,F,16.0,R,LE3,T,1.0,1.0,services,services,,mother,1.0,1.0,0.0,no,yes,no,yes,yes,yes,yes,yes,4.0,4.0,4.0,,2.0,4.0,,14.20733335,,14.15947637
597,GP,M,17.0,R,,T,2.0,1.0,at_home,other,,mother,,1.0,1.0,no,no,yes,yes,yes,no,,yes,3.0,3.0,2.0,2.0,2.0,5.0,,8.242395089,,9.106233698
64,GP,F,18.0,R,GT3,T,2.0,2.0,other,other,home,mother,1.0,2.0,0.0,yes,no,no,no,yes,yes,no,,3.0,2.0,3.0,1.0,1.0,5.0,4.0,11.12693405,,13.15254282
181,GP,F,18.0,R,GT3,A,3.0,2.0,other,services,home,mother,2.0,2.0,0.0,,no,no,no,,no,yes,yes,4.0,1.0,1.0,1.0,1.0,5.0,15.0,12.1046487,9.107456897,10.23654495
12,GP,F,16.0,U,GT3,A,3.0,1.0,services,other,course,mother,1.0,2.0,0.0,no,yes,no,no,yes,yes,yes,no,2.0,3.0,3.0,2.0,2.0,4.0,2.0,11.17930694,11.19336152,12.17988994
420,,F,,U,GT3,A,2.0,2.0,other,other,home,mother,1.0,1.0,1.0,no,no,no,no,yes,yes,no,no,5.0,3.0,4.0,1.0,1.0,5.0,12.0,13.19708451,11.14680505,11.11418393
231,MS,F,19.0,R,GT3,T,1.0,1.0,at_home,other,course,other,2.0,2.0,1.0,,yes,,no,yes,yes,yes,yes,,3.0,3.0,1.0,1.0,3.0,4.0,7.212356391,8.166004186,9.169322968
604,GP,M,17.0,U,LE3,T,,3.0,services,services,reputation,father,1.0,2.0,0.0,,yes,no,no,,yes,,no,5.0,3.0,3.0,1.0,3.0,3.0,,10.14907632,11.14020879,11.22970736
449,GP,,16.0,,GT3,T,4.0,4.0,other,other,reputation,mother,1.0,1.0,0.0,no,no,no,yes,no,yes,yes,no,5.0,3.0,,1.0,2.0,1.0,4.0,12.19262334,13.23207793,13.13633863
382,MS,F,15.0,R,GT3,T,1.0,1.0,at_home,services,other,mother,1.0,1.0,1.0,no,yes,no,no,yes,yes,no,yes,4.0,1.0,3.0,1.0,1.0,2.0,6.0,10.22184838,10.19531358,10.15525547
171,,,,R,LE3,T,2.0,1.0,at_home,services,course,mother,2.0,3.0,1.0,no,no,no,yes,yes,yes,yes,,4.0,3.0,1.0,,1.0,5.0,0.0,,10.19819194,11.1714417
170,MS,F,16.0,U,,T,4.0,4.0,health,health,course,mother,1.0,,,no,yes,no,,yes,yes,yes,,4.0,,4.0,1.0,2.0,,,,8.126074877,8.227994193
210,GP,F,18.0,,GT3,T,3.0,2.0,other,services,other,mother,1.0,3.0,0.0,no,no,no,no,yes,,yes,yes,,4.0,3.0,,3.0,1.0,4.0,14.15477399,16.11001877,17.22567508
492,GP,M,15.0,U,LE3,T,4.0,4.0,teacher,other,home,other,1.0,,0.0,no,yes,no,no,no,yes,yes,,5.0,4.0,3.0,2.0,4.0,5.0,8.0,10.22086894,11.21606984,11.17355569
60,GP,F,15.0,U,LE3,T,1.0,1.0,,other,other,,1.0,2.0,0.0,yes,no,no,,yes,,yes,no,4.0,3.0,2.0,2.0,3.0,3.0,6.0,12.15253788,13.18791243,12.11295304
533,GP,F,17.0,U,LE3,,,3.0,,other,home,mother,1.0,2.0,0.0,,yes,no,no,yes,yes,yes,no,5.0,3.0,3.0,1.0,1.0,,0.0,12.16111923,12.22605888,13.2446273
45,GP,F,16.0,U,GT3,T,2.0,,other,other,,mother,1.0,1.0,0.0,no,no,no,no,yes,yes,yes,yes,4.0,5.0,2.0,1.0,1.0,5.0,4.0,9.132913419,10.13184472,10.14465895
517,GP,F,16.0,U,LE3,T,2.0,2.0,services,services,course,,3.0,2.0,0.0,no,yes,no,no,yes,yes,yes,,4.0,3.0,3.0,2.0,3.0,4.0,0.0,14.23907842,13.20203672,13.23033081
410,GP,M,,U,LE3,,4.0,3.0,teacher,,course,mother,2.0,2.0,0.0,no,no,,yes,yes,yes,yes,no,4.0,4.0,4.0,4.0,4.0,4.0,0.0,10.20386167,11.17152251,11.15595494
32,GP,F,17.0,,GT3,T,,3.0,,other,course,father,2.0,2.0,0.0,,no,no,yes,yes,,,yes,4.0,2.0,1.0,1.0,1.0,3.0,2.0,11.24220032,12.22794776,14.12430266
485,MS,,19.0,U,GT3,T,1.0,1.0,at_home,services,course,mother,1.0,,1.0,no,no,no,yes,yes,no,no,yes,5.0,3.0,1.0,1.0,,3.0,,7.215293271,9.149283948,9.132911396
236,GP,M,15.0,U,LE3,,4.0,2.0,health,health,,father,2.0,1.0,,no,no,no,no,yes,yes,no,no,,5.0,,3.0,4.0,5.0,4.0,10.24509441,9.138232897,9.116750875
633,MS,M,16.0,,LE3,T,1.0,1.0,at_home,other,course,mother,2.0,1.0,0.0,no,no,,yes,yes,yes,yes,no,4.0,5.0,5.0,2.0,4.0,5.0,0.0,10.14053776,,9.176083417
186,,F,,R,GT3,T,1.0,1.0,other,other,reputation,other,2.0,3.0,0.0,no,no,no,no,yes,yes,yes,yes,3.0,2.0,2.0,1.0,3.0,3.0,8.0,11.15420959,,15.20460665
238,GP,F,16.0,U,GT3,,3.0,3.0,other,services,home,mother,,2.0,0.0,yes,yes,no,yes,yes,yes,yes,no,,3.0,,2.0,4.0,,4.0,11.18873717,11.19843234,11.21290602
155,MS,F,16.0,U,GT3,T,1.0,,,services,course,mother,1.0,3.0,1.0,no,yes,no,no,yes,yes,no,no,1.0,3.0,2.0,1.0,2.0,4.0,0.0,10.21075326,,8.243222062
248,MS,,,U,GT3,T,2.0,2.0,other,,,mother,1.0,1.0,0.0,no,yes,no,yes,yes,no,no,no,4.0,5.0,3.0,1.0,1.0,5.0,4.0,9.166234838,9.191472875,10.15148999
85,,M,19.0,U,GT3,T,2.0,,at_home,other,course,other,2.0,1.0,,no,no,no,yes,no,no,yes,,4.0,4.0,3.0,1.0,3.0,5.0,4.0,8.195212107,9.18613726,9.14542702
644,MS,F,15.0,R,GT3,T,3.0,3.0,,services,course,,2.0,1.0,,no,no,no,no,no,yes,yes,no,4.0,1.0,3.0,1.0,,4.0,0.0,14.24261648,16.11856929,16.11899349
42,GP,F,16.0,,GT3,,4.0,3.0,teacher,other,other,mother,1.0,2.0,0.0,,no,no,yes,yes,yes,yes,yes,1.0,3.0,2.0,1.0,1.0,1.0,4.0,14.15125806,,15.11932246
192,GP,F,17.0,U,GT3,T,,2.0,other,services,reputation,father,3.0,3.0,,no,,no,no,yes,yes,yes,yes,,2.0,3.0,1.0,1.0,1.0,8.0,13.20177689,15.21060822,15.1773368
222,MS,M,16.0,U,LE3,T,4.0,3.0,other,other,,father,1.0,1.0,0.0,no,,no,yes,yes,yes,yes,no,4.0,2.0,5.0,1.0,5.0,5.0,8.0,14.11306977,,13.11304714
138,GP,F,,U,GT3,T,2.0,3.0,,other,course,mother,1.0,3.0,0.0,no,yes,no,,,yes,,no,4.0,3.0,3.0,1.0,2.0,3.0,0.0,11.16900125,12.13641777,14.18989418
496,GP,F,,U,GT3,T,2.0,1.0,other,other,course,other,2.0,,0.0,no,yes,no,no,no,yes,yes,yes,4.0,4.0,4.0,,1.0,3.0,10.0,12.18971339,10.12664163,11.1610377
224,GP,,17.0,U,GT3,T,4.0,3.0,other,other,reputation,mother,,2.0,0.0,no,,no,no,yes,yes,yes,yes,3.0,4.0,5.0,2.0,4.0,1.0,16.0,,9.137076346,10.12919532
490,MS,F,16.0,,GT3,T,,2.0,other,services,course,mother,1.0,3.0,1.0,no,yes,no,no,yes,yes,,,1.0,3.0,2.0,1.0,2.0,4.0,3.0,9.18496151,8.236804457,8.134104254
610,GP,M,17.0,U,LE3,,4.0,3.0,health,other,course,mother,2.0,,0.0,,no,no,yes,yes,yes,yes,yes,2.0,5.0,5.0,1.0,4.0,5.0,8.0,15.24552692,15.20570462,15.20222674
290,GP,F,15.0,,,A,4.0,3.0,other,other,course,mother,1.0,,0.0,yes,yes,yes,,yes,yes,yes,yes,5.0,2.0,2.0,1.0,1.0,5.0,4.0,10.11138225,11.19685862,11.11669378
586,GP,F,18.0,R,GT3,T,2.0,,at_home,other,course,mother,2.0,,0.0,no,no,no,yes,,yes,no,no,4.0,4.0,4.0,1.0,,4.0,6.0,,13.12962097,14.10585855
187,GP,M,17.0,U,GT3,T,3.0,2.0,services,services,course,mother,1.0,1.0,3.0,no,yes,,yes,yes,yes,yes,no,5.0,5.0,5.0,2.0,4.0,5.0,2.0,8.14852566,8.243850686,7.234804218
55,GP,F,16.0,U,GT3,T,1.0,2.0,,other,course,mother,1.0,1.0,0.0,no,no,no,no,yes,no,yes,no,,3.0,5.0,1.0,2.0,5.0,4.0,12.10187003,11.23238759,11.17154865
195,,F,18.0,R,GT3,T,2.0,2.0,at_home,other,other,mother,2.0,3.0,0.0,no,no,no,no,yes,yes,no,no,5.0,3.0,3.0,1.0,3.0,4.0,0.0,,17.1429425,15.14229123
87,GP,M,17.0,U,,T,1.0,1.0,health,other,course,mother,2.0,1.0,1.0,no,yes,no,yes,yes,yes,yes,no,4.0,4.0,4.0,1.0,2.0,5.0,0.0,,10.10345095,10.20335451
402,MS,M,19.0,U,GT3,T,3.0,2.0,at_home,services,course,mother,2.0,1.0,3.0,,,no,yes,,yes,no,no,3.0,2.0,1.0,1.0,1.0,3.0,4.0,6.14321558,11.20879695,9.186482379
343,GP,F,17.0,R,,T,4.0,4.0,teacher,teacher,course,mother,1.0,,0.0,no,no,no,yes,yes,yes,yes,no,4.0,4.0,4.0,1.0,1.0,5.0,2.0,15.23342258,16.21409638,17.22333498
578,MS,,17.0,U,LE3,T,1.0,2.0,at_home,other,course,father,1.0,1.0,0.0,no,no,no,no,yes,yes,yes,no,5.0,5.0,1.0,1.0,1.0,3.0,,7.234172429,10.21194741,10.18948092
520,GP,,17.0,U,GT3,T,3.0,2.0,health,health,reputation,father,1.0,,0.0,no,yes,no,yes,no,yes,yes,no,5.0,2.0,2.0,1.0,2.0,5.0,0.0,18.10699847,18.12173036,18.10351734
591,MS,F,17.0,,LE3,T,4.0,4.0,at_home,at_home,course,mother,1.0,2.0,0.0,no,yes,no,yes,yes,yes,yes,yes,2.0,3.0,4.0,1.0,1.0,1.0,4.0,15.20554927,14.10465755,15.22423477
234,,,15.0,R,GT3,T,1.0,1.0,other,other,course,mother,3.0,1.0,1.0,no,no,no,yes,yes,yes,,yes,5.0,,5.0,1.0,1.0,1.0,2.0,8.189279197,9.18401329,9.238367094
67,GP,F,17.0,U,LE3,,4.0,3.0,health,other,reputation,,1.0,2.0,0.0,,no,no,,yes,yes,,yes,3.0,2.0,3.0,1.0,,3.0,0.0,14.19448669,12.18496937,12.24389695
58,MS,F,18.0,U,LE3,T,3.0,,teacher,services,course,mother,1.0,2.0,0.0,no,yes,no,no,yes,yes,yes,no,4.0,3.0,4.0,1.0,1.0,1.0,4.0,,15.10175986,16.174085
281,,F,18.0,U,GT3,T,1.0,1.0,at_home,services,,mother,3.0,2.0,1.0,no,no,no,,yes,no,no,no,4.0,4.0,2.0,1.0,2.0,2.0,2.0,,10.11348707,10.20659804
489,MS,M,,R,GT3,T,1.0,0.0,at_home,at_home,course,other,3.0,1.0,1.0,yes,yes,no,no,yes,yes,no,no,4.0,3.0,2.0,1.0,1.0,4.0,0.0,12.19232397,12.1480307,13.16817819
381,GP,F,17.0,U,LE3,,3.0,3.0,other,other,reputation,mother,1.0,,0.0,no,yes,,yes,yes,,yes,yes,5.0,3.0,3.0,2.0,3.0,1.0,32.0,14.11596325,13.1147464,14.24983132
562,GP,M,15.0,U,LE3,,,4.0,teacher,teacher,course,mother,1.0,,0.0,no,no,no,,yes,yes,yes,,5.0,5.0,3.0,1.0,1.0,,,13.23357806,14.20785103,14.19025341
76,GP,M,21.0,R,LE3,T,1.0,1.0,at_home,other,,other,2.0,2.0,,no,yes,no,yes,,no,yes,yes,,3.0,,5.0,2.0,4.0,21.0,9.189790547,10.20390328,10.18241485
279,GP,F,18.0,U,LE3,A,2.0,,services,other,reputation,mother,2.0,2.0,0.0,no,yes,no,no,yes,yes,yes,no,4.0,,,,3.0,4.0,10.0,,17.23127478,17.21303971
1,GP,M,16.0,U,LE3,T,2.0,1.0,at_home,other,course,mother,,1.0,1.0,no,no,no,yes,yes,yes,no,yes,4.0,4.0,4.0,,,5.0,6.0,,10.16345848,10.12201403
524,GP,M,17.0,U,GT3,T,4.0,3.0,other,other,course,mother,1.0,2.0,,,,yes,yes,yes,yes,yes,,5.0,2.0,3.0,1.0,1.0,2.0,,11.21657643,11.15491959,13.16607992
423,GP,M,18.0,U,GT3,T,2.0,2.0,other,other,home,mother,2.0,2.0,3.0,no,yes,yes,no,yes,yes,yes,no,3.0,3.0,3.0,5.0,5.0,,9.0,10.12258654,9.22058073,10.10100762
427,MS,F,18.0,U,GT3,T,1.0,1.0,other,,course,mother,3.0,,,no,no,no,yes,yes,yes,no,yes,3.0,4.0,4.0,2.0,,5.0,3.0,7.221564157,8.144376251,7.166975545
286,GP,M,17.0,U,GT3,T,4.0,4.0,,teacher,home,mother,1.0,1.0,,no,no,no,no,yes,yes,yes,no,,2.0,3.0,,2.0,5.0,4.0,13.13679847,13.13692504,14.2221022
96,GP,,,,GT3,T,2.0,2.0,at_home,other,home,mother,1.0,2.0,1.0,yes,no,no,yes,yes,yes,yes,no,3.0,1.0,2.0,1.0,1.0,5.0,12.0,8.11016731,10.21562265,10.18744061
371,MS,F,16.0,U,LE3,A,2.0,2.0,at_home,other,reputation,mother,2.0,4.0,0.0,no,no,,yes,no,no,no,yes,1.0,2.0,1.0,1.0,1.0,1.0,4.0,10.19982748,9.111891765,11.12928506
245,GP,F,,U,LE3,A,3.0,3.0,other,services,home,mother,1.0,,0.0,no,,no,no,,yes,yes,no,2.0,3.0,5.0,1.0,4.0,3.0,6.0,13.10479816,12.15565731,13.20493318
511,GP,M,15.0,U,GT3,T,4.0,2.0,other,,course,mother,1.0,4.0,,no,no,no,no,yes,yes,,no,3.0,3.0,3.0,1.0,1.0,3.0,0.0,,9.158278641,10.19820024
569,MS,F,17.0,R,GT3,T,,0.0,at_home,other,course,mother,2.0,1.0,0.0,no,yes,no,,yes,yes,yes,no,4.0,4.0,3.0,1.0,1.0,5.0,0.0,10.19663504,11.14827492,11.20749365
357,,F,17.0,U,GT3,T,3.0,2.0,,other,home,mother,1.0,2.0,0.0,no,yes,no,no,yes,yes,yes,yes,4.0,3.0,2.0,2.0,,2.0,0.0,12.14572246,13.11938285,15.1021213
43,GP,M,17.0,U,GT3,T,4.0,4.0,teacher,teacher,reputation,mother,1.0,2.0,0.0,yes,yes,no,yes,yes,,yes,yes,4.0,5.0,5.0,1.0,3.0,2.0,,13.12658225,13.19608315,13.16025893
356,GP,F,16.0,U,LE3,T,4.0,,health,health,other,mother,1.0,3.0,0.0,no,yes,no,yes,yes,yes,yes,yes,5.0,4.0,5.0,1.0,1.0,4.0,2.0,15.13423154,15.13326238,14.19256392
6,GP,F,15.0,U,GT3,T,,2.0,health,services,home,mother,,3.0,0.0,no,yes,no,yes,yes,yes,yes,yes,3.0,,2.0,,1.0,5.0,0.0,14.21841139,14.1342694,14.11307934
618,GP,F,16.0,,GT3,T,,2.0,other,other,reputation,mother,1.0,2.0,0.0,no,yes,no,no,yes,yes,yes,no,1.0,,2.0,1.0,2.0,1.0,8.0,14.12055521,15.1117026,16.23241436
23,MS,M,17.0,R,GT3,T,1.0,1.0,other,services,course,mother,2.0,1.0,0.0,no,yes,no,yes,no,yes,yes,yes,,5.0,5.0,1.0,3.0,2.0,0.0,10.23759287,9.126739796,10.21190891
394,MS,F,17.0,R,GT3,,2.0,1.0,at_home,other,course,mother,3.0,1.0,0.0,no,,no,yes,yes,no,no,yes,5.0,5.0,3.0,1.0,1.0,3.0,2.0,9.109219382,,11.13616519
154,GP,F,,U,GT3,T,3.0,3.0,,,course,father,1.0,2.0,0.0,no,yes,no,no,yes,yes,yes,,4.0,1.0,4.0,1.0,1.0,3.0,8.0,11.22054571,12.17334657,14.12204975
309,MS,F,18.0,R,GT3,,1.0,1.0,at_home,at_home,course,mother,2.0,1.0,1.0,no,no,,no,no,,yes,yes,3.0,2.0,3.0,1.0,1.0,2.0,4.0,,11.18937968,10.2016547
403,GP,F,20.0,R,,T,2.0,1.0,other,other,,other,2.0,2.0,0.0,no,yes,yes,yes,yes,no,yes,yes,1.0,2.0,3.0,1.0,2.0,2.0,8.0,10.10465816,12.13012937,12.23915538
630,GP,F,,U,GT3,T,4.0,4.0,other,teacher,course,mother,1.0,1.0,0.0,yes,yes,no,no,yes,yes,no,yes,4.0,2.0,1.0,,1.0,4.0,0.0,13.24601762,13.1793072,13.13532412
120,GP,F,,U,GT3,T,1.0,1.0,at_home,,course,mother,1.0,2.0,0.0,yes,no,no,no,no,yes,no,yes,4.0,3.0,2.0,1.0,1.0,4.0,10.0,10.23481761,9.168692114,10.19951802
409,GP,F,,,GT3,T,3.0,4.0,at_home,services,course,father,1.0,3.0,0.0,no,yes,,yes,no,yes,,no,4.0,3.0,4.0,2.0,5.0,5.0,2.0,15.13166174,15.12919624,17.11883637
104,GP,M,16.0,,LE3,T,1.0,1.0,services,,course,mother,1.0,2.0,2.0,no,no,no,no,yes,yes,no,yes,4.0,4.0,4.0,1.0,3.0,5.0,0.0,10.16798063,10.10546829,10.23638269
332,MS,F,16.0,R,LE3,T,3.0,4.0,at_home,other,other,mother,3.0,2.0,0.0,no,yes,,no,no,yes,no,no,4.0,2.0,1.0,1.0,1.0,2.0,2.0,7.234058445,9.199598463,8.224700752
109,MS,F,,R,GT3,T,,1.0,at_home,other,,father,4.0,3.0,0.0,yes,yes,no,no,yes,yes,no,no,4.0,4.0,3.0,1.0,1.0,5.0,2.0,10.15079474,9.249190201,10.15533249
392,GP,F,17.0,U,,,4.0,2.0,teacher,services,reputation,mother,1.0,4.0,,no,,no,yes,yes,yes,yes,,4.0,2.0,3.0,1.0,1.0,,2.0,14.16361939,15.13598672,17.1577568
200,MS,M,18.0,U,LE3,T,4.0,4.0,at_home,,home,mother,1.0,4.0,0.0,no,yes,no,yes,yes,no,yes,yes,,5.0,,5.0,,5.0,2.0,5.209982423,6.173418527,6.100005197
21,MS,M,15.0,,LE3,T,1.0,3.0,at_home,other,reputation,father,3.0,1.0,0.0,no,yes,no,yes,yes,yes,yes,no,4.0,2.0,4.0,3.0,5.0,3.0,2.0,10.15471128,11.12747805,11.23037088
497,GP,F,16.0,,GT3,T,4.0,4.0,health,health,reputation,mother,1.0,2.0,0.0,,yes,no,no,yes,yes,yes,yes,4.0,4.0,2.0,1.0,1.0,3.0,0.0,16.18390314,16.23289034,17.23730027
277,GP,F,16.0,,GT3,T,4.0,2.0,health,services,home,,1.0,2.0,0.0,no,no,no,no,yes,yes,,yes,4.0,2.0,3.0,1.0,1.0,3.0,0.0,17.16042805,17.23843741,18.1901277
264,GP,,16.0,U,GT3,T,4.0,4.0,teacher,,home,mother,1.0,2.0,0.0,no,yes,yes,yes,yes,yes,yes,yes,4.0,4.0,5.0,5.0,5.0,,,12.17698332,11.23882817,12.24124806
47,MS,M,17.0,R,LE3,T,1.0,2.0,at_home,services,reputation,mother,1.0,1.0,0.0,no,yes,no,yes,yes,yes,yes,no,5.0,5.0,5.0,5.0,5.0,3.0,4.0,10.14111598,11.22949804,11.17905234
81,GP,M,18.0,,GT3,T,4.0,3.0,teacher,services,course,mother,1.0,3.0,0.0,,no,no,no,,yes,yes,yes,5.0,3.0,2.0,1.0,2.0,4.0,4.0,15.12190115,14.20096864,17.2470327
62,MS,F,16.0,R,GT3,T,2.0,2.0,other,other,course,mother,2.0,,0.0,no,yes,no,yes,yes,yes,yes,no,4.0,4.0,4.0,1.0,1.0,5.0,0.0,12.11387679,12.10913409,12.11137966
66,MS,M,18.0,U,LE3,T,1.0,,at_home,services,course,mother,,1.0,0.0,no,no,no,no,,no,yes,yes,4.0,3.0,3.0,2.0,3.0,3.0,0.0,9.233472004,10.15273995,9.224735916
16,,F,16.0,R,GT3,T,,2.0,services,,reputation,mother,2.0,4.0,0.0,no,yes,no,yes,no,yes,yes,no,5.0,3.0,5.0,1.0,,5.0,6.0,13.10340993,13.12043853,13.22901529
118,,F,17.0,U,GT3,T,0.0,,other,at_home,course,father,2.0,1.0,0.0,no,no,no,yes,no,yes,,no,,4.0,4.0,,5.0,5.0,5.0,9.203886493,9.198283165,10.2257721
572,GP,F,17.0,U,GT3,T,3.0,2.0,other,other,course,mother,1.0,2.0,0.0,no,no,no,yes,no,yes,yes,no,5.0,,4.0,1.0,3.0,3.0,2.0,17.10468382,18.18600364,17.11056507
369,MS,,16.0,,GT3,A,,2.0,services,at_home,course,mother,2.0,2.0,2.0,no,yes,no,yes,yes,yes,no,yes,2.0,5.0,5.0,1.0,1.0,,8.0,5.226006228,5.247374953,7.105411077
434,MS,F,15.0,R,GT3,T,3.0,3.0,services,other,reputation,mother,1.0,,0.0,no,yes,no,no,yes,yes,yes,yes,4.0,,4.0,,1.0,1.0,4.0,13.21452871,12.13327256,12.18816029
63,GP,M,,R,GT3,T,3.0,2.0,at_home,services,home,other,1.0,1.0,0.0,no,yes,no,no,no,yes,no,yes,5.0,3.0,4.0,2.0,2.0,5.0,0.0,11.12749303,,10.18882469
213,GP,F,17.0,U,GT3,T,4.0,4.0,health,,course,mother,1.0,1.0,0.0,no,no,no,yes,yes,,yes,,5.0,3.0,4.0,1.0,2.0,5.0,2.0,14.24207926,15.12129304,17.11383074
30,MS,M,19.0,U,,T,1.0,1.0,other,other,other,mother,1.0,2.0,2.0,no,yes,no,yes,yes,no,yes,no,4.0,4.0,3.0,3.0,4.0,4.0,2.0,9.124384978,9.117791151,10.20856975
49,GP,F,18.0,U,GT3,T,,1.0,,other,reputation,mother,1.0,2.0,,no,yes,no,yes,yes,no,yes,yes,5.0,4.0,5.0,,3.0,5.0,,10.20863748,9.160703989,8.23181002
365,,,16.0,U,,T,1.0,2.0,,services,reputation,father,1.0,,0.0,yes,no,no,yes,yes,yes,yes,no,4.0,4.0,3.0,,1.0,1.0,0.0,13.11901777,13.13168364,10.18875414
540,,F,16.0,U,GT3,T,2.0,1.0,other,services,course,mother,1.0,2.0,0.0,no,yes,no,yes,yes,yes,yes,no,5.0,3.0,3.0,1.0,1.0,1.0,0.0,14.16853297,13.15693376,14.11817494
531,GP,M,15.0,R,GT3,T,,4.0,other,other,home,father,4.0,4.0,0.0,no,,no,yes,yes,yes,,yes,1.0,3.0,5.0,3.0,5.0,1.0,,12.18486762,,11.23388108
298,GP,F,16.0,,GT3,T,,4.0,teacher,services,home,mother,1.0,3.0,0.0,no,yes,no,yes,no,yes,yes,,5.0,3.0,2.0,1.0,1.0,5.0,,15.24723776,,16.13530432
472,GP,M,18.0,U,LE3,T,,2.0,services,services,reputation,mother,1.0,2.0,0.0,no,yes,no,yes,no,no,yes,no,4.0,4.0,4.0,1.0,3.0,3.0,11.0,9.137147506,11.24887027,12.17448379
197,MS,F,16.0,R,GT3,T,4.0,4.0,health,teacher,reputation,father,1.0,2.0,0.0,no,no,no,,no,yes,yes,,4.0,3.0,3.0,2.0,3.0,2.0,0.0,14.1710457,16.13716064,16.22755361
425,GP,F,17.0,,GT3,T,4.0,,health,services,reputation,mother,1.0,3.0,0.0,no,yes,,no,yes,yes,yes,no,4.0,2.0,2.0,1.0,2.0,3.0,0.0,17.10789031,18.11240107,18.22786313
623,MS,M,16.0,R,,T,1.0,2.0,other,at_home,course,mother,1.0,1.0,0.0,no,no,no,,yes,yes,no,no,4.0,4.0,4.0,2.0,4.0,,4.0,,10.2394515,11.23155617
391,MS,F,18.0,U,GT3,A,2.0,4.0,other,services,reputation,father,1.0,2.0,1.0,no,,no,no,yes,yes,yes,no,2.0,3.0,2.0,1.0,3.0,1.0,8.0,8.163516908,5.19944459,8.11896918
326,MS,M,18.0,R,GT3,T,,1.0,other,other,home,mother,2.0,1.0,1.0,no,no,no,,yes,no,yes,no,4.0,,3.0,3.0,4.0,4.0,0.0,8.118904663,9.125472375,10.1195723
639,GP,,16.0,,GT3,T,3.0,4.0,other,other,course,father,3.0,,,,yes,no,yes,no,yes,yes,no,3.0,4.0,5.0,2.0,4.0,2.0,4.0,,9.1218549,10.11340986
14,MS,M,18.0,R,,T,2.0,1.0,other,other,other,mother,2.0,1.0,0.0,no,no,no,yes,,yes,yes,yes,4.0,4.0,3.0,1.0,3.0,5.0,0.0,7.112851566,7.216830082,0.148803294
375,GP,F,15.0,U,GT3,T,4.0,4.0,services,teacher,other,father,1.0,2.0,0.0,yes,yes,no,yes,no,yes,yes,no,4.0,,4.0,,1.0,3.0,,13.11040607,12.23908901,12.13131838
374,GP,M,15.0,U,GT3,T,4.0,4.0,health,services,home,mother,1.0,2.0,0.0,no,yes,yes,no,no,yes,yes,no,5.0,4.0,2.0,3.0,4.0,5.0,0.0,10.24815367,11.13299381,11.19318817
328,MS,F,16.0,R,LE3,T,2.0,2.0,other,services,course,father,1.0,2.0,0.0,no,no,no,yes,yes,yes,no,yes,5.0,4.0,3.0,,1.0,1.0,0.0,11.19890644,13.21783699,12.14304779
518,GP,M,17.0,U,LE3,T,2.0,2.0,other,other,home,father,1.0,2.0,0.0,no,no,no,yes,no,yes,yes,yes,4.0,4.0,2.0,5.0,5.0,4.0,0.0,16.1349713,16.10339604,16.18080204
289,MS,F,16.0,U,LE3,T,2.0,1.0,other,services,other,mother,1.0,2.0,0.0,no,no,no,no,yes,yes,yes,yes,3.0,2.0,2.0,1.0,1.0,3.0,0.0,,15.11211419,16.24006991
257,GP,M,16.0,U,LE3,T,,2.0,services,services,reputation,father,2.0,1.0,0.0,no,yes,no,yes,yes,yes,yes,no,,3.0,3.0,2.0,2.0,2.0,4.0,12.11829608,11.12782191,11.15750884
481,GP,M,,U,GT3,T,2.0,3.0,other,other,home,father,2.0,1.0,0.0,no,no,,,yes,yes,yes,no,5.0,3.0,3.0,1.0,1.0,,0.0,,12.22650126,12.23715146
616,GP,M,15.0,U,GT3,T,3.0,,other,other,reputation,father,1.0,1.0,0.0,no,no,no,no,yes,yes,yes,no,3.0,4.0,3.0,1.0,2.0,4.0,2.0,14.19984014,13.22451924,14.19797381
253,,F,15.0,R,GT3,T,3.0,4.0,services,health,course,mother,1.0,3.0,,yes,yes,no,yes,yes,yes,yes,,4.0,3.0,2.0,1.0,,5.0,,11.14979288,12.12460011,12.19443231
471,GP,,18.0,U,,T,3.0,3.0,,services,home,mother,1.0,,0.0,no,yes,no,no,yes,yes,,no,5.0,,3.0,1.0,1.0,1.0,4.0,14.16585751,14.17757952,15.23696492
456,GP,M,18.0,R,,T,2.0,3.0,other,services,reputation,father,,1.0,0.0,no,no,no,no,yes,yes,yes,no,3.0,,3.0,4.0,5.0,4.0,13.0,13.21509779,14.20987064,14.15895093
609,GP,M,15.0,U,LE3,T,4.0,2.0,teacher,,course,mother,1.0,1.0,0.0,no,no,,no,yes,,yes,no,3.0,5.0,2.0,1.0,1.0,3.0,10.0,18.22417544,,18.15795964
191,GP,M,18.0,U,LE3,T,4.0,4.0,teacher,teacher,home,mother,1.0,1.0,0.0,no,yes,no,no,yes,,yes,yes,1.0,,2.0,2.0,2.0,1.0,0.0,18.17931767,18.2454701,17.1107535
204,GP,M,16.0,R,GT3,T,3.0,3.0,services,services,reputation,mother,1.0,1.0,0.0,no,yes,no,yes,,yes,yes,no,4.0,3.0,2.0,3.0,4.0,5.0,0.0,11.13491799,10.24678174,10.20516546
568,GP,F,18.0,U,GT3,T,,4.0,health,health,reputation,father,1.0,2.0,1.0,yes,yes,no,yes,,yes,yes,yes,2.0,4.0,4.0,1.0,1.0,4.0,2.0,14.16860478,12.21504633,13.16550529
299,GP,M,17.0,U,GT3,T,2.0,1.0,,other,home,,1.0,,0.0,no,,no,no,yes,yes,yes,no,5.0,4.0,5.0,1.0,2.0,5.0,22.0,9.182179772,7.130707067,6.232856526
383,MS,M,18.0,U,LE3,T,4.0,4.0,teacher,services,other,,2.0,3.0,0.0,no,no,no,no,yes,yes,yes,yes,4.0,2.0,2.0,2.0,2.0,5.0,0.0,15.15884527,16.1782802,16.14305025
92,GP,M,17.0,U,,T,3.0,3.0,health,other,home,mother,1.0,1.0,0.0,no,yes,no,no,yes,yes,yes,no,4.0,4.0,3.0,1.0,3.0,5.0,0.0,14.14628078,15.11883175,15.14190265
538,GP,F,17.0,U,LE3,A,2.0,1.0,other,other,course,mother,3.0,1.0,0.0,no,,no,no,yes,yes,yes,no,3.0,2.0,2.0,1.0,2.0,,8.0,11.16285881,10.24230875,11.23922782
473,GP,F,,R,LE3,T,2.0,2.0,services,services,course,mother,1.0,3.0,0.0,no,yes,,yes,yes,yes,yes,no,3.0,3.0,2.0,,2.0,3.0,0.0,11.18424466,11.20535683,10.12817402
452,GP,F,17.0,U,GT3,A,2.0,2.0,at_home,at_home,home,father,1.0,2.0,0.0,no,yes,no,no,,,,,3.0,3.0,1.0,1.0,,4.0,18.0,10.23301887,12.19149408,14.16064337
359,GP,M,15.0,U,GT3,T,4.0,4.0,health,health,other,father,1.0,1.0,0.0,no,,yes,no,yes,yes,yes,no,5.0,4.0,2.0,1.0,1.0,5.0,0.0,11.14395458,12.10145245,12.152366
189,MS,,19.0,U,LE3,T,2.0,2.0,other,other,home,mother,1.0,3.0,0.0,no,no,no,no,,yes,yes,yes,5.0,4.0,5.0,1.0,1.0,1.0,0.0,12.17087591,13.24686222,13.17292517
166,,F,17.0,U,LE3,,3.0,2.0,other,other,reputation,mother,2.0,2.0,0.0,,,no,no,yes,yes,yes,no,4.0,,4.0,1.0,3.0,1.0,2.0,14.1616832,16.24070241,15.16381171
598,MS,F,18.0,R,GT3,T,4.0,4.0,other,,other,,3.0,2.0,0.0,no,yes,no,,no,yes,yes,yes,3.0,,2.0,4.0,2.0,5.0,,7.166820058,5.142618729,0.139315495
209,GP,,16.0,U,GT3,T,,1.0,services,services,course,father,,1.0,0.0,yes,yes,no,yes,no,yes,yes,yes,,5.0,5.0,,5.0,5.0,0.0,10.18327378,10.10905646,16.248055
295,GP,F,16.0,U,GT3,T,2.0,,services,teacher,other,mother,1.0,2.0,0.0,yes,no,no,no,yes,yes,yes,no,2.0,3.0,,1.0,1.0,3.0,0.0,13.21404846,13.23076716,14.17002495
593,GP,F,15.0,U,LE3,T,3.0,,services,other,reputation,mother,1.0,2.0,0.0,no,yes,no,no,yes,yes,yes,no,4.0,,4.0,1.0,1.0,5.0,4.0,12.18212739,11.13394927,11.1849261
252,GP,,18.0,U,GT3,T,2.0,1.0,other,other,,mother,2.0,2.0,0.0,no,no,no,yes,,yes,yes,yes,4.0,3.0,1.0,1.0,1.0,5.0,10.0,12.19066849,,14.2310605
534,,F,17.0,U,GT3,T,4.0,4.0,services,teacher,home,mother,2.0,1.0,1.0,no,yes,no,no,yes,yes,,no,4.0,,4.0,2.0,3.0,2.0,30.0,14.21307849,15.24598863,16.14742067
558,GP,F,19.0,R,GT3,T,3.0,2.0,,services,,father,1.0,,1.0,yes,yes,,no,yes,no,yes,no,,3.0,3.0,4.0,3.0,3.0,0.0,9.187225723,8.16072694,10.15893185
601,GP,F,,U,GT3,T,2.0,2.0,at_home,services,home,mother,1.0,3.0,0.0,no,yes,no,yes,yes,yes,,yes,4.0,3.0,3.0,1.0,1.0,3.0,0.0,,12.15765207,13.18439372
137,MS,F,17.0,,GT3,T,2.0,2.0,other,,home,,1.0,3.0,,no,no,no,yes,yes,yes,no,yes,3.0,,3.0,1.0,1.0,3.0,8.0,10.139027,11.10487733,12.10947438
596,GP,F,15.0,U,GT3,T,4.0,4.0,services,services,course,mother,1.0,1.0,0.0,yes,yes,no,no,yes,yes,yes,no,3.0,3.0,4.0,2.0,3.0,5.0,0.0,13.23459628,12.16054521,12.11531073
462,GP,F,18.0,U,GT3,T,,1.0,other,other,home,mother,,3.0,0.0,no,no,no,yes,yes,yes,yes,no,4.0,5.0,5.0,1.0,2.0,2.0,0.0,14.22379807,14.24562613,14.21020822
237,GP,M,17.0,U,LE3,A,4.0,1.0,services,other,home,mother,,1.0,0.0,no,no,no,yes,yes,yes,yes,yes,4.0,5.0,4.0,2.0,4.0,5.0,22.0,11.18643959,11.22967206,10.17850314
385,GP,M,17.0,U,LE3,A,3.0,2.0,,services,home,mother,1.0,1.0,0.0,,no,no,no,yes,yes,yes,no,4.0,4.0,4.0,3.0,4.0,3.0,18.0,13.14175739,13.12667219,13.22103459
337,GP,F,18.0,U,GT3,,2.0,2.0,other,other,,mother,1.0,1.0,0.0,no,yes,no,yes,,,yes,,4.0,3.0,5.0,2.0,4.0,5.0,2.0,10.15565348,10.12861951,10.13142745
243,GP,M,,U,GT3,T,3.0,3.0,at_home,other,reputation,other,3.0,2.0,,yes,,no,no,no,yes,yes,no,,3.0,3.0,1.0,3.0,2.0,,9.235944868,11.10817797,10.15798534
590,GP,M,18.0,U,LE3,T,2.0,1.0,services,other,course,mother,3.0,2.0,1.0,,no,no,,no,no,yes,no,4.0,4.0,5.0,4.0,4.0,5.0,4.0,11.17414011,10.11098573,11.23404082
529,,F,16.0,R,GT3,T,1.0,1.0,at_home,other,course,father,2.0,2.0,3.0,,yes,no,no,yes,yes,no,no,3.0,4.0,3.0,1.0,1.0,1.0,0.0,7.223945249,7.174461412,8.248857715
487,MS,M,,R,LE3,T,4.0,1.0,health,services,,father,1.0,2.0,0.0,no,yes,no,yes,yes,,yes,no,5.0,3.0,4.0,1.0,2.0,2.0,7.0,7.203205993,9.18092804,8.116585723
33,,F,,R,GT3,T,2.0,4.0,,other,course,,1.0,3.0,0.0,no,yes,no,no,yes,yes,yes,yes,,4.0,3.0,1.0,1.0,5.0,0.0,15.20694932,15.23662833,15.21561023
643,GP,F,17.0,,GT3,T,2.0,,,other,reputation,mother,1.0,2.0,0.0,no,yes,no,yes,yes,,yes,no,4.0,3.0,,2.0,4.0,4.0,4.0,12.16194907,16.16412943,16.17032881
83,MS,F,18.0,R,LE3,A,4.0,,teacher,other,reputation,mother,1.0,2.0,0.0,no,no,no,,yes,yes,,yes,5.0,,1.0,1.0,,5.0,0.0,5.234195733,0.193690647,0.102432578
270,,M,18.0,U,LE3,T,4.0,3.0,teacher,services,course,mother,,1.0,0.0,no,no,no,yes,yes,,yes,no,4.0,2.0,3.0,,2.0,1.0,,10.2315265,10.15241085,10.12955037
470,GP,,15.0,U,LE3,A,3.0,4.0,other,,home,mother,1.0,2.0,0.0,yes,no,no,yes,yes,yes,,yes,5.0,3.0,2.0,1.0,,1.0,0.0,10.10635345,11.24042176,11.20646484
550,GP,M,17.0,U,LE3,T,4.0,4.0,other,teacher,home,,2.0,,0.0,no,no,no,no,yes,yes,yes,no,4.0,1.0,1.0,2.0,2.0,5.0,0.0,12.10932372,13.13365567,13.10117411
36,GP,M,16.0,U,,T,3.0,3.0,other,services,course,father,1.0,2.0,1.0,no,yes,no,no,yes,yes,yes,yes,4.0,5.0,5.0,4.0,4.0,5.0,0.0,10.11929125,10.22641402,1.193971052
368,GP,M,17.0,R,GT3,T,,3.0,other,other,,father,3.0,2.0,1.0,no,yes,no,yes,yes,yes,yes,no,5.0,2.0,4.0,1.0,4.0,5.0,14.0,12.24525816,,11.22386295
581,MS,M,18.0,R,GT3,T,4.0,2.0,other,other,home,father,2.0,1.0,1.0,no,no,yes,no,yes,yes,,no,5.0,4.0,3.0,4.0,3.0,3.0,0.0,7.165962308,,0.128249505
411,GP,M,,U,GT3,T,3.0,,services,at_home,home,mother,1.0,1.0,0.0,no,yes,no,no,yes,no,yes,yes,4.0,,4.0,1.0,1.0,4.0,,11.12039562,9.245609274,11.24945461
338,GP,M,17.0,R,GT3,,2.0,2.0,other,other,course,father,2.0,2.0,,no,yes,no,yes,yes,yes,yes,no,4.0,,2.0,1.0,1.0,1.0,0.0,12.2422025,13.19111221,13.18719879
300,GP,,16.0,U,LE3,T,1.0,1.0,,other,home,mother,2.0,2.0,,no,yes,,,yes,yes,yes,no,3.0,4.0,2.0,1.0,1.0,,2.0,9.130234829,9.2143443,9.118788553
370,GP,F,19.0,,GT3,T,1.0,1.0,other,other,,other,3.0,3.0,0.0,,no,no,yes,yes,no,no,yes,1.0,5.0,5.0,4.0,3.0,5.0,12.0,10.21145107,10.13509263,11.21119746
612,,F,,U,GT3,T,4.0,4.0,teacher,other,course,mother,1.0,2.0,0.0,no,yes,no,no,yes,yes,yes,no,4.0,4.0,4.0,3.0,3.0,5.0,,12.1182039,11.22645955,13.22289043
466,GP,M,15.0,U,LE3,A,3.0,,,other,home,mother,1.0,2.0,0.0,no,yes,no,no,yes,yes,yes,no,4.0,2.0,2.0,1.0,1.0,1.0,0.0,15.20099386,16.21114973,17.17864155
450,,F,18.0,U,LE3,T,1.0,1.0,at_home,services,course,father,2.0,3.0,0.0,no,no,no,no,yes,yes,yes,no,,3.0,2.0,1.0,1.0,,0.0,19.2481202,,18.20966183
599,MS,F,17.0,U,GT3,T,,3.0,teacher,other,other,mother,2.0,2.0,0.0,no,no,,no,yes,yes,yes,no,5.0,5.0,4.0,1.0,1.0,1.0,0.0,6.1928222,9.163748194,11.19093871
59,MS,F,,U,GT3,T,3.0,3.0,,services,course,mother,2.0,1.0,0.0,,yes,no,no,yes,yes,yes,no,4.0,4.0,3.0,1.0,,4.0,0.0,11.24070568,12.11099333,13.13501934
22,MS,M,18.0,R,GT3,,1.0,3.0,at_home,other,course,mother,,2.0,0.0,no,yes,yes,no,yes,,,no,3.0,3.0,4.0,,4.0,3.0,0.0,8.235095214,10.12226098,9.170837469
98,GP,M,18.0,U,LE3,T,1.0,1.0,other,other,course,mother,1.0,1.0,2.0,no,no,,no,yes,no,yes,yes,2.0,3.0,5.0,2.0,5.0,4.0,0.0,11.23464381,9.161900812,0.129195616
617,MS,F,,R,GT3,,1.0,,other,services,course,father,2.0,2.0,0.0,no,no,,no,no,yes,no,no,3.0,2.0,2.0,1.0,2.0,3.0,0.0,13.18761353,13.1704654,13.23642247
176,,M,17.0,,LE3,T,4.0,4.0,,,home,mother,1.0,3.0,0.0,no,yes,no,no,yes,yes,yes,no,4.0,4.0,,1.0,2.0,,0.0,,14.1697538,16.24070743
397,,F,16.0,R,GT3,T,2.0,2.0,at_home,other,course,mother,2.0,2.0,1.0,,yes,no,yes,no,yes,no,no,4.0,4.0,4.0,2.0,3.0,5.0,2.0,12.10608266,11.15948774,12.24454184
482,MS,,15.0,R,GT3,T,1.0,,at_home,other,home,father,2.0,2.0,0.0,no,yes,no,,yes,yes,yes,no,4.0,3.0,3.0,1.0,1.0,2.0,1.0,11.16992895,10.108002,11.20147432
117,GP,F,17.0,U,LE3,T,2.0,2.0,other,other,course,father,1.0,1.0,0.0,no,yes,no,no,yes,yes,yes,yes,3.0,4.0,4.0,,3.0,5.0,2.0,13.21139443,12.24483475,12.21558373
34,GP,M,15.0,U,GT3,T,3.0,,services,services,home,father,1.0,1.0,0.0,yes,no,no,no,yes,yes,yes,no,5.0,,5.0,3.0,2.0,5.0,2.0,9.201078435,9.205309012,9.128457827
418,MS,M,17.0,R,GT3,T,2.0,2.0,other,other,course,mother,,1.0,0.0,no,no,,yes,yes,no,no,,,5.0,,3.0,5.0,5.0,0.0,,13.24516955,10.17608578
311,GP,F,19.0,U,GT3,T,2.0,2.0,services,,home,mother,1.0,2.0,0.0,no,yes,no,no,yes,yes,yes,no,4.0,3.0,3.0,,1.0,5.0,0.0,10.22827843,,11.18673131
51,GP,,16.0,U,GT3,T,3.0,3.0,other,other,reputation,mother,3.0,2.0,,yes,yes,no,yes,yes,,no,no,5.0,3.0,2.0,1.0,1.0,4.0,2.0,13.12716286,14.17660055,14.22827266
595,GP,F,17.0,U,,T,2.0,4.0,services,services,reputation,father,1.0,2.0,0.0,no,yes,no,yes,yes,yes,no,no,5.0,4.0,2.0,2.0,3.0,5.0,0.0,17.11575851,18.13886284,17.19438216
217,,F,18.0,U,GT3,T,2.0,3.0,at_home,services,course,,2.0,1.0,0.0,no,yes,no,no,yes,yes,yes,yes,5.0,2.0,3.0,1.0,2.0,4.0,0.0,10.12603837,10.20974594,10.16671444
426,,F,17.0,U,,A,2.0,1.0,other,other,course,mother,2.0,3.0,0.0,no,no,no,yes,yes,yes,,yes,3.0,2.0,3.0,1.0,2.0,3.0,0.0,15.17928463,15.19729947,16.2043904
376,GP,F,17.0,U,GT3,,4.0,3.0,services,services,course,mother,,2.0,0.0,no,yes,no,no,yes,yes,yes,yes,,2.0,2.0,1.0,2.0,5.0,14.0,15.15198917,14.17185061,17.19433845
329,GP,M,15.0,U,GT3,T,4.0,0.0,teacher,other,course,mother,2.0,4.0,0.0,no,,no,yes,,yes,yes,no,3.0,4.0,3.0,1.0,1.0,1.0,0.0,12.16312596,11.22050685,11.11827498
483,MS,M,15.0,,GT3,T,2.0,2.0,,other,reputation,mother,3.0,1.0,0.0,no,no,no,,yes,yes,no,no,4.0,3.0,3.0,1.0,2.0,4.0,1.0,,12.10485597,13.16015924
13,GP,F,17.0,U,,T,3.0,1.0,other,at_home,,mother,1.0,1.0,1.0,no,yes,yes,no,yes,yes,yes,yes,,1.0,2.0,,1.0,3.0,6.0,10.20161397,13.23538874,13.1574005
8,MS,F,17.0,R,GT3,T,2.0,3.0,other,other,course,mother,2.0,,0.0,no,yes,no,,yes,yes,yes,,5.0,,5.0,1.0,3.0,3.0,2.0,10.17234019,11.20494164,12.19182734
378,MS,M,17.0,U,GT3,T,1.0,1.0,at_home,services,other,mother,,2.0,,no,no,no,no,yes,yes,yes,yes,5.0,,3.0,3.0,3.0,,0.0,10.1090824,10.10412847,10.10507894
151,GP,M,17.0,R,GT3,T,1.0,2.0,at_home,at_home,home,mother,1.0,,0.0,no,yes,no,yes,no,yes,no,,3.0,5.0,2.0,2.0,2.0,1.0,2.0,16.14313193,17.2109309,18.2462766
276,GP,F,15.0,U,LE3,T,4.0,3.0,services,services,reputation,father,1.0,2.0,0.0,yes,no,no,,yes,yes,yes,yes,4.0,4.0,4.0,2.0,4.0,2.0,0.0,13.24739186,12.16994489,12.24960812
126,MS,,16.0,U,,A,1.0,2.0,other,other,other,mother,1.0,3.0,,,no,no,no,yes,yes,yes,no,4.0,4.0,3.0,1.0,1.0,5.0,0.0,10.21355602,11.14709117,11.17334375
393,GP,M,17.0,U,,T,4.0,4.0,teacher,teacher,course,mother,1.0,1.0,0.0,no,yes,no,yes,no,yes,yes,no,4.0,2.0,1.0,1.0,2.0,5.0,6.0,10.10282323,8.248520433,9.249426184
408,,F,16.0,R,GT3,T,2.0,2.0,other,other,course,mother,3.0,2.0,0.0,,yes,no,no,yes,yes,yes,no,4.0,4.0,5.0,,1.0,4.0,,9.193761205,10.2089324,11.22658239
373,GP,,16.0,U,LE3,T,4.0,4.0,teacher,teacher,reputation,,1.0,2.0,,no,yes,,no,,yes,yes,no,4.0,5.0,2.0,1.0,2.0,,0.0,,10.13694119,11.17821392
627,MS,M,17.0,,GT3,T,,2.0,other,other,other,father,2.0,2.0,0.0,no,yes,yes,no,yes,yes,,no,4.0,1.0,2.0,2.0,2.0,1.0,0.0,13.24457159,14.10805802,13.2421661
480,GP,F,17.0,U,GT3,T,1.0,1.0,at_home,other,reputation,mother,1.0,,0.0,no,yes,no,yes,yes,yes,no,yes,4.0,3.0,4.0,,1.0,,12.0,12.16789533,12.14818125,12.1658567
605,MS,M,,U,LE3,A,1.0,0.0,other,,home,mother,1.0,1.0,0.0,,no,no,no,yes,yes,no,yes,4.0,1.0,2.0,1.0,1.0,5.0,4.0,11.18339415,11.13581058,12.15129735
494,,F,18.0,R,GT3,T,,,other,other,reputation,mother,2.0,2.0,0.0,no,yes,no,,yes,no,yes,yes,4.0,3.0,5.0,1.0,2.0,3.0,12.0,8.181027517,9.105074288,10.12825271
280,GP,M,18.0,U,,T,3.0,3.0,services,health,,father,1.0,2.0,0.0,no,yes,no,no,yes,yes,yes,,3.0,,4.0,2.0,4.0,4.0,10.0,10.18000179,10.11945507,10.14130987
505,GP,M,16.0,U,GT3,T,1.0,,other,other,reputation,mother,2.0,2.0,0.0,no,,no,yes,yes,yes,yes,yes,4.0,3.0,2.0,1.0,1.0,3.0,0.0,16.16371331,17.15567027,18.19440709
235,MS,M,15.0,U,GT3,T,3.0,3.0,services,services,course,father,2.0,1.0,0.0,no,yes,no,yes,,yes,yes,no,4.0,3.0,3.0,2.0,,3.0,11.0,12.13943842,10.18546303,11.14909357
208,GP,F,16.0,U,GT3,T,,3.0,other,other,home,father,1.0,2.0,0.0,no,yes,no,no,yes,yes,no,no,4.0,3.0,2.0,1.0,,5.0,0.0,11.18420235,13.14681738,13.10416605
460,GP,F,17.0,R,GT3,T,2.0,2.0,other,other,reputation,,1.0,1.0,0.0,no,yes,no,no,yes,yes,,no,5.0,3.0,,1.0,2.0,3.0,21.0,13.13570158,13.12052028,13.16984666
468,GP,,16.0,U,GT3,T,4.0,4.0,services,services,course,mother,1.0,3.0,0.0,no,yes,no,yes,yes,yes,yes,no,5.0,,3.0,1.0,,5.0,0.0,15.22747303,13.13357597,13.10440531
114,MS,M,20.0,R,GT3,T,1.0,1.0,other,other,course,other,,1.0,1.0,no,yes,no,no,yes,no,yes,yes,4.0,4.0,3.0,2.0,4.0,,12.0,,11.17109629,10.21417067
488,MS,M,17.0,R,,T,2.0,2.0,other,other,course,mother,3.0,,,no,yes,no,no,no,yes,yes,no,4.0,4.0,5.0,1.0,2.0,5.0,0.0,10.23896919,9.205890732,9.17054753
515,,,18.0,,GT3,,1.0,1.0,other,other,course,mother,2.0,,0.0,,no,no,yes,yes,yes,no,,1.0,1.0,1.0,1.0,1.0,5.0,,11.12265959,,9.206796321
443,MS,M,17.0,R,GT3,T,4.0,3.0,services,other,home,mother,2.0,2.0,1.0,no,,yes,yes,no,yes,yes,yes,4.0,5.0,5.0,1.0,3.0,2.0,4.0,10.11447358,11.13747089,11.14816643
508,GP,M,15.0,U,GT3,,4.0,3.0,teacher,services,course,father,2.0,4.0,0.0,yes,yes,no,no,,yes,yes,no,2.0,2.0,2.0,1.0,1.0,,6.0,9.152714678,11.23165097,11.13339492
559,GP,F,16.0,U,GT3,T,3.0,,at_home,other,course,mother,1.0,2.0,0.0,no,yes,no,no,yes,,yes,no,2.0,,3.0,1.0,2.0,3.0,14.0,12.20413538,11.20738429,11.15359402
454,GP,,16.0,U,GT3,T,3.0,3.0,other,services,home,father,2.0,1.0,,no,no,no,yes,yes,yes,yes,no,5.0,,2.0,1.0,1.0,5.0,6.0,14.19320639,14.24366907,15.12943375
377,MS,F,,,GT3,T,3.0,2.0,at_home,other,home,mother,2.0,1.0,0.0,no,no,no,no,yes,yes,no,yes,4.0,3.0,3.0,2.0,2.0,1.0,5.0,9.173759422,11.17519303,11.21209124
41,GP,M,15.0,U,GT3,T,4.0,3.0,teacher,,reputation,mother,1.0,2.0,0.0,no,no,no,no,yes,yes,yes,no,4.0,4.0,1.0,1.0,1.0,1.0,0.0,12.17944458,13.21966661,14.21921619
68,GP,F,18.0,U,,T,4.0,3.0,other,other,,other,2.0,2.0,0.0,no,,no,no,yes,yes,,yes,4.0,,5.0,1.0,2.0,,0.0,13.18783168,14.16744839,14.14191696
310,,F,19.0,R,GT3,A,1.0,1.0,at_home,at_home,course,other,2.0,2.0,3.0,,yes,no,yes,,no,no,yes,3.0,5.0,4.0,1.0,4.0,1.0,0.0,8.232213606,0.189435511,0.2132611
530,GP,M,18.0,U,GT3,T,2.0,2.0,other,at_home,course,other,1.0,1.0,1.0,,yes,no,yes,no,,yes,yes,,4.0,3.0,2.0,2.0,1.0,26.0,7.12969483,,8.114347174
275,MS,,18.0,R,GT3,T,2.0,2.0,at_home,other,course,,,2.0,1.0,no,no,no,yes,yes,,no,yes,4.0,3.0,3.0,1.0,1.0,4.0,0.0,9.207505605,0.19160119,0.130073936
183,GP,M,16.0,U,LE3,A,4.0,4.0,,health,reputation,mother,1.0,2.0,0.0,no,yes,no,no,,yes,no,no,4.0,1.0,3.0,3.0,5.0,5.0,6.0,,9.102316741,10.16791843
614,GP,M,17.0,R,GT3,T,1.0,1.0,other,,home,father,2.0,3.0,0.0,no,no,no,no,no,yes,yes,yes,4.0,3.0,3.0,1.0,1.0,,2.0,13.10721691,14.10804665,15.11329551
40,GP,F,15.0,R,GT3,T,1.0,1.0,at_home,other,,mother,2.0,4.0,0.0,yes,yes,yes,yes,yes,yes,,no,3.0,1.0,2.0,1.0,1.0,1.0,,13.20121823,13.12032017,13.23295921
563,GP,,18.0,U,GT3,T,4.0,,teacher,other,course,mother,1.0,2.0,0.0,no,,no,no,no,yes,yes,no,4.0,3.0,2.0,1.0,1.0,3.0,2.0,,10.13133551,11.20060145
545,GP,M,18.0,U,GT3,T,2.0,1.0,,services,other,mother,1.0,1.0,2.0,no,no,no,no,no,no,yes,no,3.0,2.0,5.0,2.0,5.0,5.0,4.0,7.185360081,8.221113962,6.115955591
499,GP,,16.0,U,LE3,T,2.0,2.0,other,other,,mother,,2.0,0.0,no,yes,no,yes,no,yes,yes,yes,3.0,3.0,3.0,1.0,2.0,3.0,16.0,11.1686575,,10.13459769
175,GP,F,15.0,,GT3,A,4.0,3.0,services,services,reputation,mother,1.0,2.0,0.0,no,yes,no,yes,yes,yes,,no,4.0,3.0,2.0,1.0,1.0,1.0,0.0,15.19773616,14.14306051,15.14646482
419,,F,18.0,U,GT3,,2.0,2.0,other,other,course,mother,,2.0,0.0,no,yes,no,,no,yes,yes,yes,1.0,,1.0,1.0,1.0,2.0,4.0,,8.232282191,10.13435035
185,MS,F,17.0,U,GT3,A,1.0,1.0,at_home,at_home,other,,1.0,,0.0,,no,,yes,yes,yes,yes,yes,4.0,5.0,5.0,1.0,2.0,3.0,2.0,11.11760304,10.24924307,11.17058628
129,GP,M,16.0,U,GT3,T,2.0,1.0,at_home,other,course,mother,4.0,1.0,0.0,no,no,no,no,yes,yes,no,no,3.0,2.0,1.0,1.0,1.0,2.0,4.0,9.186055671,9.16634746,11.14349028
436,GP,M,15.0,U,LE3,,4.0,3.0,teacher,services,home,,1.0,3.0,0.0,no,yes,no,yes,yes,yes,yes,no,5.0,4.0,3.0,1.0,1.0,4.0,0.0,14.16204241,14.22028234,14.16687469
149,GP,F,18.0,U,GT3,,3.0,3.0,services,services,home,mother,1.0,2.0,0.0,no,no,no,yes,,yes,yes,no,5.0,3.0,4.0,1.0,,,8.0,10.16526256,11.19444525,12.15504631
451,GP,M,15.0,U,LE3,T,1.0,2.0,other,other,course,mother,2.0,1.0,0.0,no,no,no,yes,,yes,,no,4.0,4.0,4.0,2.0,4.0,5.0,2.0,8.243402887,9.110419684,10.23233373
122,GP,F,15.0,U,GT3,T,2.0,1.0,services,other,reputation,father,3.0,3.0,0.0,no,yes,no,,yes,yes,yes,no,5.0,2.0,2.0,1.0,1.0,4.0,0.0,10.21818111,12.23777041,13.13221101
71,MS,F,19.0,U,GT3,T,,1.0,other,other,course,other,2.0,2.0,1.0,,yes,no,no,yes,yes,yes,,1.0,1.0,4.0,4.0,1.0,1.0,12.0,7.148621147,8.141642073,9.126414452
415,,F,18.0,U,LE3,A,1.0,2.0,at_home,other,reputation,mother,2.0,2.0,,no,no,no,no,,,yes,no,4.0,4.0,,1.0,2.0,4.0,0.0,,13.24930023,14.13185755
288,GP,F,16.0,,,T,,4.0,health,teacher,other,,1.0,2.0,0.0,no,yes,no,yes,yes,,no,,,4.0,4.0,2.0,3.0,4.0,,17.12443766,16.15994709,16.11805323
387,GP,,15.0,U,GT3,A,,2.0,,other,home,other,1.0,,0.0,no,yes,no,,yes,yes,yes,,4.0,5.0,2.0,1.0,1.0,3.0,0.0,14.21115349,14.18821249,15.20399722
646,MS,F,18.0,U,GT3,T,3.0,3.0,services,,other,mother,2.0,2.0,,no,yes,no,no,yes,yes,yes,yes,4.0,,2.0,,3.0,3.0,,13.17064793,12.15259127,13.12999814
35,GP,M,15.0,U,GT3,,2.0,2.0,other,other,home,mother,1.0,1.0,0.0,no,yes,no,no,yes,yes,yes,no,4.0,2.0,2.0,1.0,2.0,5.0,8.0,11.16484987,12.21050459,12.20969279
50,GP,F,15.0,R,LE3,,3.0,1.0,,other,reputation,father,2.0,4.0,0.0,no,yes,no,no,no,yes,yes,no,4.0,4.0,2.0,2.0,3.0,,6.0,15.14219172,15.12603765,15.10434068
250,,M,16.0,U,LE3,T,2.0,,services,services,other,mother,4.0,3.0,0.0,no,no,no,no,yes,yes,no,no,5.0,1.0,3.0,2.0,,3.0,0.0,10.24552852,9.138475702,10.20145644
446,MS,M,18.0,R,,T,4.0,4.0,at_home,services,other,mother,3.0,1.0,0.0,no,yes,yes,yes,yes,yes,yes,yes,2.0,5.0,5.0,1.0,1.0,,5.0,12.15879564,13.18230828,14.23396079
349,GP,M,18.0,U,GT3,,4.0,,health,other,reputation,father,1.0,2.0,0.0,no,yes,no,yes,yes,yes,yes,yes,5.0,4.0,5.0,1.0,3.0,5.0,4.0,10.22760844,12.2150517,14.23969917
431,MS,,18.0,R,GT3,T,,4.0,teacher,at_home,reputation,mother,3.0,,0.0,no,yes,no,yes,yes,yes,yes,yes,4.0,4.0,3.0,2.0,2.0,5.0,4.0,7.125580623,9.244219962,10.12504209
570,GP,M,17.0,R,GT3,T,2.0,2.0,other,,other,mother,2.0,1.0,0.0,no,no,no,,no,no,no,no,5.0,2.0,2.0,1.0,1.0,4.0,0.0,9.162600284,10.2055642,10.16264836
358,GP,M,,U,GT3,T,,2.0,services,services,other,mother,,1.0,0.0,no,yes,no,,yes,yes,yes,yes,3.0,3.0,3.0,,2.0,3.0,0.0,10.22313297,9.157509903,11.16440427
193,GP,M,15.0,U,GT3,T,4.0,4.0,,teacher,reputation,,2.0,2.0,0.0,no,yes,no,yes,yes,yes,no,no,4.0,4.0,3.0,1.0,1.0,2.0,4.0,16.18281332,15.1767907,16.20937238
97,MS,F,15.0,U,GT3,,,2.0,other,,course,mother,2.0,3.0,0.0,no,yes,,yes,yes,yes,no,no,5.0,3.0,2.0,1.0,1.0,4.0,0.0,12.21979021,13.19249746,14.1757794
169,GP,M,17.0,U,GT3,T,1.0,2.0,,services,other,other,2.0,2.0,0.0,no,no,no,yes,no,yes,yes,no,4.0,,4.0,4.0,,,16.0,10.16872048,11.21086619,12.10748016
455,GP,M,16.0,U,GT3,T,,2.0,other,other,,mother,1.0,1.0,0.0,no,yes,no,no,no,yes,yes,no,5.0,4.0,,1.0,1.0,5.0,4.0,12.11748343,12.17930784,12.22781692
202,MS,F,15.0,R,GT3,,4.0,4.0,teacher,other,course,mother,2.0,1.0,0.0,no,,no,no,yes,yes,yes,yes,1.0,5.0,1.0,3.0,,5.0,0.0,13.16914069,14.1203229,14.1074567
478,GP,M,18.0,R,,T,3.0,3.0,other,services,course,mother,1.0,2.0,0.0,no,yes,no,no,yes,yes,yes,yes,4.0,3.0,3.0,1.0,3.0,5.0,,10.14809857,9.190138838,10.24663861
256,GP,F,16.0,,GT3,T,1.0,1.0,at_home,other,,mother,4.0,2.0,0.0,no,yes,no,no,yes,yes,no,no,5.0,,3.0,1.0,1.0,3.0,0.0,14.15600066,13.10814399,13.18363264
108,MS,F,17.0,R,GT3,T,,1.0,other,other,other,mother,1.0,1.0,0.0,no,no,no,no,yes,yes,yes,yes,4.0,2.0,3.0,1.0,2.0,,1.0,13.19708342,14.10195303,14.11246899
239,GP,F,,U,GT3,T,2.0,1.0,other,other,home,mother,1.0,2.0,0.0,no,yes,no,no,yes,yes,,yes,4.0,,5.0,1.0,2.0,1.0,8.0,14.113127,14.14043373,15.11446423
366,GP,M,15.0,U,GT3,A,4.0,4.0,,services,reputation,mother,1.0,4.0,0.0,no,yes,no,yes,no,yes,yes,yes,1.0,3.0,3.0,5.0,5.0,3.0,0.0,11.21544384,12.22151617,12.18426726
212,MS,F,18.0,U,GT3,T,3.0,3.0,services,services,,father,1.0,2.0,,,yes,no,no,yes,yes,no,yes,5.0,3.0,4.0,1.0,1.0,5.0,0.0,10.22844262,10.11888356,10.20372772
557,,M,17.0,R,LE3,A,4.0,4.0,teacher,other,course,mother,2.0,,0.0,no,yes,no,no,yes,yes,yes,no,3.0,3.0,3.0,2.0,3.0,,0.0,12.23333473,12.15608378,12.14698932
500,MS,,17.0,U,GT3,T,2.0,2.0,other,other,course,,1.0,1.0,1.0,no,no,no,yes,yes,,no,yes,1.0,2.0,1.0,2.0,3.0,5.0,0.0,7.114258747,0.14478964,0.172983712
227,GP,M,18.0,U,GT3,T,2.0,1.0,other,other,,mother,1.0,2.0,0.0,no,no,no,,yes,yes,yes,no,5.0,2.0,4.0,1.0,2.0,4.0,2.0,16.18682819,16.15933203,16.19818191
132,GP,M,16.0,U,GT3,T,3.0,2.0,at_home,other,reputation,mother,,3.0,0.0,no,no,no,yes,yes,yes,yes,yes,,3.0,3.0,1.0,3.0,2.0,0.0,12.24078734,12.21625808,12.12555728
273,GP,F,15.0,U,GT3,T,1.0,1.0,other,other,home,father,1.0,2.0,0.0,no,yes,no,yes,no,yes,yes,no,4.0,3.0,2.0,2.0,3.0,4.0,2.0,13.16036331,12.22112179,12.18986426
498,MS,F,17.0,R,GT3,T,,4.0,teacher,services,other,father,2.0,2.0,0.0,,yes,yes,yes,yes,yes,yes,no,4.0,3.0,3.0,,2.0,5.0,2.0,12.1183718,12.2393896,12.10958184
302,MS,F,19.0,R,GT3,T,2.0,3.0,services,,course,mother,1.0,3.0,1.0,no,,,yes,no,,yes,no,5.0,4.0,2.0,1.0,2.0,5.0,4.0,,11.22901984,10.1501615
153,,M,18.0,,GT3,T,,4.0,teacher,services,home,mother,2.0,1.0,0.0,no,no,no,yes,,,yes,no,3.0,2.0,4.0,1.0,4.0,3.0,6.0,11.10082163,12.19267095,12.18448009
435,MS,M,16.0,U,LE3,,2.0,2.0,other,services,course,father,2.0,2.0,0.0,no,yes,no,no,no,yes,yes,yes,4.0,1.0,2.0,2.0,2.0,5.0,0.0,12.22063755,13.15085838,13.17171075
509,MS,M,16.0,R,GT3,T,1.0,2.0,other,other,course,father,2.0,2.0,0.0,no,no,no,no,,yes,no,no,4.0,3.0,3.0,1.0,1.0,5.0,0.0,10.12983618,,11.17332567
284,GP,M,16.0,R,,T,2.0,2.0,,other,course,mother,3.0,1.0,0.0,no,no,no,no,no,yes,no,no,,2.0,2.0,1.0,2.0,3.0,4.0,12.13127055,10.20855624,11.10793605
575,GP,,15.0,U,GT3,T,,1.0,other,services,course,father,1.0,2.0,0.0,no,,,no,yes,yes,yes,no,4.0,4.0,2.0,1.0,2.0,5.0,0.0,12.23181736,12.13750428,12.24887344
158,GP,F,,U,,,1.0,1.0,,at_home,home,mother,,3.0,0.0,,yes,no,no,no,yes,no,no,4.0,,3.0,2.0,3.0,3.0,4.0,11.1356732,12.13304872,14.14016058
608,GP,F,19.0,U,GT3,T,0.0,1.0,at_home,other,course,other,1.0,2.0,2.0,no,,no,no,no,no,no,no,3.0,4.0,2.0,1.0,1.0,,0.0,9.149710374,10.17400002,11.22584181
638,GP,M,17.0,,LE3,T,4.0,4.0,services,other,home,mother,1.0,,0.0,no,,no,no,yes,,yes,yes,5.0,3.0,5.0,4.0,5.0,3.0,15.0,13.24666526,12.19962294,12.18469383
346,GP,M,16.0,U,LE3,T,2.0,,other,other,reputation,mother,2.0,2.0,0.0,no,yes,no,yes,yes,yes,yes,no,5.0,4.0,4.0,2.0,4.0,5.0,2.0,,10.15122279,10.1188106
145,MS,F,19.0,,LE3,,1.0,1.0,at_home,,course,mother,1.0,1.0,0.0,no,yes,no,no,yes,no,no,,1.0,4.0,4.0,1.0,1.0,5.0,0.0,6.113192363,8.237525735,7.158112389
161,,M,16.0,U,LE3,A,3.0,,services,other,home,,1.0,2.0,0.0,,yes,yes,yes,yes,yes,yes,no,5.0,3.0,3.0,1.0,1.0,5.0,2.0,,12.21122682,13.24117399
600,MS,F,16.0,R,GT3,T,4.0,4.0,teacher,teacher,course,mother,2.0,3.0,0.0,no,no,no,yes,yes,,yes,yes,4.0,2.0,2.0,1.0,,4.0,6.0,16.18161364,16.16120115,17.12648704
19,GP,F,15.0,U,GT3,T,,4.0,teacher,health,reputation,mother,1.0,2.0,,,yes,,,yes,yes,yes,no,3.0,3.0,3.0,1.0,2.0,2.0,2.0,14.20991748,14.16802346,14.14766124
215,,F,,U,,T,3.0,4.0,at_home,services,home,mother,1.0,3.0,1.0,no,yes,yes,no,yes,yes,yes,,,4.0,,3.0,4.0,5.0,14.0,8.235156085,,8.154657371
573,GP,F,17.0,R,GT3,T,4.0,4.0,,services,reputation,mother,,3.0,0.0,no,,no,yes,yes,yes,yes,no,,3.0,4.0,1.0,,5.0,,7.12959101,7.171039485,8.129274257
268,GP,F,18.0,U,LE3,T,1.0,1.0,other,other,,mother,2.0,2.0,0.0,,yes,no,no,no,yes,no,no,,4.0,3.0,1.0,1.0,,2.0,13.18346353,13.21063443,13.14032353
322,GP,F,17.0,R,GT3,T,,1.0,at_home,services,reputation,mother,2.0,2.0,0.0,no,yes,no,yes,yes,yes,yes,no,4.0,2.0,5.0,1.0,2.0,5.0,0.0,11.14090564,10.22392672,11.1037278
79,GP,M,,U,GT3,,2.0,2.0,,other,course,father,1.0,2.0,0.0,no,no,no,no,,no,yes,no,4.0,3.0,5.0,2.0,4.0,,,9.228444215,10.11089915,11.22112152
585,GP,M,16.0,U,GT3,,4.0,4.0,teacher,teacher,course,,1.0,2.0,0.0,no,yes,no,yes,yes,yes,yes,no,5.0,4.0,4.0,1.0,2.0,5.0,6.0,16.16302516,14.22495245,14.23926699
178,,M,15.0,U,GT3,T,2.0,3.0,other,services,course,father,1.0,1.0,0.0,yes,yes,no,yes,no,yes,yes,yes,3.0,2.0,2.0,1.0,3.0,3.0,0.0,,11.21839134,12.19773346
110,,M,20.0,U,GT3,A,,2.0,services,other,course,other,1.0,,2.0,no,no,no,yes,yes,yes,no,no,5.0,,3.0,1.0,1.0,5.0,0.0,,15.22828742,15.18358849
301,GP,F,15.0,U,GT3,T,4.0,4.0,,services,reputation,father,2.0,2.0,0.0,no,no,no,no,yes,yes,yes,yes,,4.0,4.0,2.0,3.0,5.0,4.0,12.10998315,11.11726402,12.17829312
128,GP,F,15.0,U,GT3,,1.0,2.0,at_home,other,course,mother,1.0,2.0,0.0,no,yes,no,no,no,yes,yes,,4.0,3.0,2.0,1.0,1.0,5.0,6.0,,12.20142643,13.22301443
94,GP,M,18.0,U,GT3,T,4.0,,,services,,father,1.0,2.0,0.0,no,yes,,yes,yes,yes,yes,no,4.0,3.0,3.0,2.0,2.0,2.0,0.0,12.18286981,12.15170515,13.21443984
39,,M,16.0,U,GT3,T,4.0,4.0,services,teacher,other,father,1.0,3.0,0.0,no,yes,no,yes,,yes,yes,yes,4.0,4.0,3.0,1.0,1.0,4.0,0.0,16.18105271,,16.16665903
412,MS,M,,U,LE3,T,1.0,2.0,at_home,services,home,mother,2.0,1.0,0.0,no,yes,no,,no,yes,no,no,4.0,1.0,,5.0,5.0,1.0,8.0,10.23773165,11.12621473,11.21811956
320,MS,F,16.0,U,LE3,T,1.0,1.0,,other,other,mother,3.0,,0.0,no,yes,no,no,yes,yes,yes,no,4.0,,2.0,1.0,3.0,,6.0,6.235977583,8.114809677,8.165912966
584,GP,,,U,LE3,T,4.0,3.0,teacher,services,course,mother,3.0,2.0,0.0,no,yes,no,yes,yes,yes,yes,,5.0,4.0,3.0,,2.0,1.0,2.0,16.14521692,15.15156896,16.21215753
297,GP,M,17.0,U,LE3,T,4.0,4.0,teacher,other,reputation,mother,1.0,2.0,0.0,no,yes,no,yes,yes,yes,yes,no,4.0,4.0,4.0,1.0,,5.0,0.0,11.10637692,9.10184474,10.21378372
445,MS,F,,R,GT3,,2.0,3.0,other,services,course,mother,3.0,2.0,0.0,no,yes,no,no,yes,yes,yes,no,4.0,5.0,,1.0,2.0,1.0,2.0,15.15902791,15.13938736,15.18244507
240,GP,M,,,LE3,A,3.0,2.0,other,other,,mother,1.0,2.0,0.0,no,yes,no,no,yes,yes,yes,no,4.0,,4.0,1.0,2.0,5.0,10.0,16.19874334,18.16150939,18.22351023
347,GP,F,17.0,R,GT3,,3.0,2.0,other,,home,mother,1.0,2.0,0.0,no,yes,no,no,yes,yes,yes,no,4.0,3.0,3.0,2.0,3.0,2.0,0.0,,14.1005729,16.15881458
103,MS,,,R,GT3,,4.0,2.0,other,other,course,mother,2.0,2.0,0.0,yes,yes,no,no,no,yes,yes,,4.0,3.0,3.0,2.0,3.0,,0.0,17.23728654,,18.18753079
156,MS,F,16.0,U,LE3,A,2.0,2.0,other,,home,mother,1.0,,0.0,,yes,no,,yes,no,no,no,4.0,3.0,4.0,1.0,2.0,1.0,6.0,7.117327074,7.10502099,8.210174684
24,GP,F,17.0,R,GT3,T,4.0,2.0,,,course,,1.0,3.0,,no,yes,no,yes,yes,yes,yes,no,4.0,3.0,4.0,1.0,3.0,5.0,2.0,11.13876228,12.19192555,14.14904447
464,MS,F,16.0,R,GT3,T,,2.0,other,other,course,father,3.0,2.0,,,yes,no,no,yes,no,yes,no,,4.0,5.0,1.0,2.0,1.0,,9.176275314,10.1608433,11.15516613
589,MS,F,17.0,R,GT3,T,2.0,2.0,other,other,other,mother,2.0,2.0,0.0,yes,no,,,yes,yes,no,no,5.0,1.0,,1.0,1.0,5.0,0.0,11.11340367,9.15070245,11.22964307
37,,F,17.0,U,,A,4.0,2.0,teacher,,course,,1.0,2.0,0.0,no,yes,no,yes,yes,yes,no,no,4.0,3.0,2.0,1.0,1.0,4.0,4.0,15.16381459,14.13889835,14.12807174
576,GP,F,,R,GT3,T,2.0,4.0,services,,course,mother,1.0,3.0,0.0,yes,yes,no,,yes,yes,yes,no,4.0,3.0,2.0,1.0,1.0,5.0,,10.13501881,11.21089331,10.10113406
640,GP,,15.0,U,,T,3.0,4.0,other,other,home,mother,1.0,2.0,0.0,no,yes,,yes,yes,,,no,5.0,5.0,1.0,,1.0,5.0,0.0,,12.15478673,13.20906741
254,MS,F,18.0,U,GT3,,1.0,2.0,other,other,course,father,1.0,2.0,1.0,no,yes,no,yes,yes,yes,,yes,3.0,,4.0,2.0,3.0,5.0,,9.236320671,8.226977234,8.125941066
367,GP,F,,,GT3,T,4.0,4.0,,,reputation,mother,,3.0,,no,yes,no,yes,yes,yes,yes,no,3.0,2.0,3.0,1.0,2.0,2.0,10.0,13.17052182,13.15015545,14.14578555
65,GP,M,,,GT3,T,3.0,4.0,at_home,other,course,mother,3.0,2.0,0.0,no,no,no,no,yes,yes,no,no,5.0,4.0,5.0,2.0,4.0,5.0,,10.17593253,9.214512542,10.23977058
115,GP,M,15.0,U,GT3,T,4.0,4.0,services,,reputation,mother,2.0,2.0,0.0,no,yes,no,yes,,yes,yes,no,4.0,,1.0,,1.0,5.0,2.0,,15.16641159,15.12913276
390,GP,F,18.0,U,GT3,T,1.0,1.0,,other,home,mother,,2.0,0.0,yes,no,no,yes,yes,yes,yes,no,5.0,4.0,,1.0,1.0,4.0,0.0,,13.13470951,13.12341426
495,MS,M,17.0,U,GT3,T,,3.0,services,services,,mother,1.0,1.0,0.0,no,yes,no,yes,yes,,yes,no,4.0,1.0,4.0,5.0,5.0,3.0,8.0,7.20557799,10.1618083,9.170395501
635,GP,M,,U,LE3,T,3.0,4.0,services,other,home,mother,1.0,2.0,,no,no,no,yes,,yes,yes,yes,4.0,3.0,3.0,1.0,3.0,,6.0,16.20359462,16.21022692,17.2424042
541,GP,M,18.0,R,GT3,T,3.0,2.0,other,other,course,mother,,3.0,0.0,no,no,no,yes,no,,no,no,5.0,3.0,2.0,1.0,1.0,3.0,2.0,10.10880993,11.16974229,12.23920229
291,MS,,16.0,R,LE3,T,1.0,2.0,other,other,reputation,mother,,1.0,0.0,no,no,no,yes,yes,yes,,,5.0,4.0,5.0,1.0,4.0,2.0,0.0,14.23674669,14.19543412,15.16814499
620,GP,F,19.0,U,LE3,A,2.0,3.0,at_home,other,,other,2.0,1.0,1.0,no,no,no,no,yes,no,yes,no,2.0,2.0,3.0,3.0,4.0,5.0,,10.14843325,11.10474374,11.15494931
567,,F,18.0,U,,T,4.0,2.0,teacher,other,course,mother,1.0,2.0,0.0,no,yes,no,,yes,yes,yes,no,4.0,,2.0,1.0,1.0,3.0,0.0,14.24411981,17.13083924,17.20097807
82,GP,M,16.0,U,GT3,T,4.0,4.0,health,other,course,mother,,1.0,0.0,no,yes,no,yes,yes,yes,yes,no,3.0,4.0,4.0,1.0,4.0,5.0,4.0,12.1393053,13.22441191,13.22410523
521,MS,F,,R,GT3,T,3.0,2.0,,other,,father,1.0,2.0,1.0,no,no,no,,yes,yes,no,yes,4.0,5.0,4.0,,2.0,5.0,0.0,10.24779413,10.1297738,10.16942729
196,,,17.0,R,GT3,T,2.0,2.0,other,other,reputation,mother,2.0,2.0,0.0,no,yes,,yes,yes,yes,no,,5.0,,2.0,1.0,1.0,1.0,0.0,15.10469493,17.15274183,17.17448088
53,GP,F,17.0,R,GT3,T,4.0,3.0,teacher,other,reputation,mother,2.0,3.0,0.0,no,yes,no,,yes,yes,yes,yes,4.0,4.0,2.0,1.0,1.0,4.0,0.0,11.24362118,12.2123677,12.11255304
174,MS,,17.0,,GT3,T,1.0,1.0,other,other,,mother,1.0,2.0,0.0,no,no,yes,,no,yes,yes,no,,4.0,3.0,2.0,4.0,5.0,4.0,8.103792135,9.138322118,9.19945468
626,GP,M,15.0,U,GT3,T,2.0,2.0,services,services,home,father,1.0,4.0,0.0,no,yes,no,yes,yes,yes,,no,5.0,5.0,4.0,1.0,2.0,5.0,6.0,14.13366795,13.19899443,13.10248898
642,MS,M,18.0,U,LE3,T,1.0,1.0,at_home,,course,mother,2.0,2.0,,no,yes,no,yes,yes,yes,no,no,4.0,3.0,3.0,,4.0,5.0,,10.10628654,9.177838455,10.16502086
448,GP,M,16.0,U,LE3,T,4.0,2.0,teacher,,course,,1.0,2.0,0.0,no,no,no,yes,yes,yes,yes,no,4.0,5.0,1.0,1.0,3.0,5.0,0.0,12.14154627,13.16880309,14.15740094
304,GP,M,16.0,R,GT3,T,4.0,2.0,teacher,services,other,mother,1.0,1.0,0.0,no,yes,no,yes,yes,yes,yes,yes,4.0,3.0,3.0,3.0,,3.0,8.0,10.19336783,9.156551414,11.10656526
437,GP,M,,,LE3,T,4.0,4.0,other,other,reputation,father,,1.0,0.0,no,yes,no,no,yes,yes,,no,4.0,2.0,5.0,3.0,4.0,5.0,2.0,,,11.17182837
339,MS,,17.0,U,GT3,A,,0.0,other,other,other,mother,2.0,2.0,0.0,no,no,no,no,yes,yes,yes,yes,,,5.0,1.0,1.0,,1.0,11.24305745,,10.17398599
241,MS,M,15.0,U,LE3,,2.0,1.0,services,services,,mother,1.0,1.0,0.0,no,no,no,yes,yes,yes,yes,no,4.0,3.0,,1.0,2.0,5.0,11.0,12.10142122,13.12441905,12.10513723
553,MS,M,17.0,,GT3,T,1.0,1.0,other,services,other,,,1.0,,,no,no,no,,no,no,no,4.0,2.0,,3.0,4.0,4.0,4.0,,13.2228798,14.12508201
190,MS,M,18.0,R,,T,,2.0,services,other,course,mother,3.0,1.0,0.0,no,no,no,no,no,yes,yes,no,4.0,4.0,1.0,3.0,4.0,5.0,4.0,10.13126281,11.23406918,11.20854977
629,MS,M,15.0,U,LE3,A,2.0,2.0,other,other,reputation,mother,3.0,4.0,0.0,no,yes,no,yes,yes,yes,no,no,5.0,4.0,5.0,2.0,3.0,5.0,8.0,13.23692496,14.20425828,14.17667735
127,GP,,17.0,U,LE3,T,2.0,2.0,services,other,course,mother,,2.0,,yes,yes,no,no,yes,,yes,,4.0,4.0,,2.0,3.0,5.0,6.0,12.23041729,12.18229539,12.18771679
113,MS,F,17.0,R,GT3,T,1.0,1.0,other,other,other,father,1.0,1.0,,no,,no,,no,no,yes,no,5.0,4.0,,,,5.0,0.0,6.165456291,6.246864159,7.170201684
267,GP,F,,U,GT3,T,1.0,1.0,other,other,course,mother,1.0,2.0,0.0,no,yes,no,no,no,,no,,4.0,4.0,4.0,1.0,3.0,1.0,0.0,14.19782825,15.11912015,15.19950061
467,GP,M,17.0,U,GT3,T,,3.0,other,services,reputation,mother,1.0,1.0,0.0,no,no,no,yes,no,yes,yes,no,4.0,3.0,5.0,3.0,5.0,5.0,0.0,17.15346668,18.21732609,17.22710135
362,GP,F,17.0,U,,A,,2.0,other,other,home,mother,1.0,1.0,,no,,no,no,no,no,,,3.0,1.0,,1.0,,1.0,8.0,11.12803629,,10.11532265
93,GP,F,16.0,,GT3,T,2.0,2.0,services,,home,mother,1.0,1.0,0.0,no,yes,no,no,no,,,,1.0,2.0,2.0,1.0,3.0,,6.0,10.20158831,11.17735002,12.18665529
272,MS,F,16.0,U,LE3,T,4.0,,other,other,home,mother,2.0,2.0,0.0,no,yes,no,yes,yes,yes,yes,no,1.0,2.0,4.0,2.0,2.0,1.0,8.0,9.158316706,10.12641344,10.10001741
429,MS,F,,R,LE3,A,,2.0,other,other,course,other,2.0,3.0,2.0,no,yes,no,no,no,no,no,yes,3.0,3.0,2.0,,1.0,2.0,6.0,7.235570666,,10.20622801
119,MS,M,16.0,,GT3,T,2.0,1.0,,services,reputation,mother,2.0,,0.0,no,no,no,yes,yes,yes,yes,no,5.0,2.0,1.0,1.0,1.0,2.0,0.0,8.198472058,7.128610018,0.165424697
621,GP,M,18.0,U,LE3,T,3.0,1.0,,services,course,mother,2.0,1.0,0.0,no,no,,yes,yes,yes,yes,yes,3.0,3.0,4.0,4.0,5.0,4.0,2.0,11.16474839,11.12588015,12.1123414
198,GP,M,18.0,R,LE3,A,,4.0,other,other,reputation,,2.0,2.0,0.0,no,yes,no,yes,yes,yes,yes,no,4.0,2.0,5.0,3.0,4.0,1.0,,15.20639967,16.10802565,16.1370159
177,GP,F,16.0,U,GT3,T,2.0,2.0,other,other,home,mother,1.0,2.0,0.0,no,,no,no,no,yes,yes,no,5.0,1.0,5.0,1.0,1.0,4.0,0.0,12.24000409,12.24513254,13.24159255
405,GP,F,,U,LE3,T,3.0,1.0,,other,home,,1.0,2.0,0.0,yes,yes,no,,yes,yes,no,no,3.0,3.0,3.0,2.0,3.0,2.0,0.0,12.20782468,13.2080502,12.15298213
142,GP,F,16.0,U,LE3,T,2.0,2.0,other,at_home,course,father,2.0,2.0,1.0,yes,,no,yes,,yes,yes,no,,3.0,3.0,2.0,2.0,5.0,,10.12863763,11.22698482,11.12928864
407,MS,M,16.0,U,LE3,T,2.0,1.0,,,course,,2.0,1.0,0.0,no,yes,no,yes,yes,,yes,no,2.0,4.0,3.0,,3.0,,4.0,10.19447848,8.14568199,10.20697501
556,MS,F,17.0,U,GT3,T,,1.0,,at_home,course,mother,,1.0,0.0,no,yes,no,yes,yes,yes,no,no,4.0,3.0,2.0,1.0,2.0,5.0,9.0,7.13508675,9.219557009,10.24131876
75,GP,,17.0,U,,T,2.0,3.0,at_home,other,,father,2.0,1.0,0.0,no,yes,no,no,yes,yes,,no,3.0,3.0,3.0,1.0,4.0,3.0,4.0,12.16538003,13.13353166,13.24356804
90,MS,M,16.0,R,LE3,T,4.0,1.0,other,at_home,other,father,1.0,1.0,0.0,no,no,no,no,,yes,yes,,4.0,1.0,2.0,,1.0,2.0,0.0,10.23253709,11.12329348,11.13892866
121,GP,F,,,,T,2.0,3.0,other,services,reputation,father,1.0,4.0,,no,yes,no,yes,yes,yes,yes,yes,4.0,5.0,,1.0,3.0,2.0,10.0,16.22129189,16.18386025,16.16758297
551,GP,,16.0,U,GT3,A,3.0,3.0,other,other,course,other,2.0,,0.0,no,yes,no,yes,no,yes,yes,yes,4.0,3.0,2.0,1.0,1.0,5.0,4.0,9.229050604,9.195236601,10.19226046
258,MS,F,18.0,R,GT3,T,2.0,2.0,other,other,other,,2.0,1.0,1.0,no,,no,,yes,no,yes,yes,5.0,5.0,5.0,,1.0,3.0,0.0,8.164851669,6.112954326,0.185463822
536,MS,M,,U,GT3,T,,,other,other,,father,1.0,1.0,1.0,no,yes,no,,,no,yes,yes,5.0,,5.0,5.0,5.0,1.0,12.0,6.162390742,7.141433506,7.203739303
167,GP,F,17.0,R,GT3,T,2.0,1.0,at_home,,course,mother,3.0,2.0,0.0,,no,no,yes,yes,yes,no,,2.0,1.0,1.0,1.0,1.0,3.0,2.0,13.13441972,,13.2346618
336,GP,M,16.0,R,GT3,T,4.0,3.0,services,other,reputation,mother,2.0,1.0,0.0,yes,,yes,yes,no,yes,yes,no,3.0,3.0,3.0,1.0,1.0,,6.0,9.12838606,11.20993511,11.18293681
259,GP,M,16.0,U,GT3,,4.0,3.0,teacher,other,home,mother,1.0,,0.0,no,yes,yes,yes,yes,,,no,3.0,4.0,3.0,,3.0,3.0,4.0,11.18155806,,11.16634485
565,GP,M,,U,LE3,T,2.0,2.0,services,health,reputation,mother,1.0,4.0,0.0,no,yes,no,yes,yes,yes,yes,no,4.0,3.0,4.0,1.0,1.0,4.0,2.0,11.13981435,12.17382619,12.13164264
106,GP,F,,U,GT3,,1.0,1.0,services,teacher,reputation,mother,1.0,3.0,0.0,no,yes,no,no,yes,yes,yes,no,4.0,,,1.0,,3.0,,13.23372847,13.13140158,14.21536572
396,GP,F,18.0,U,LE3,A,,4.0,services,other,course,mother,2.0,2.0,1.0,no,yes,no,no,yes,yes,yes,no,4.0,3.0,3.0,1.0,1.0,3.0,18.0,10.24300721,10.19272932,10.19326301
88,GP,F,,U,GT3,T,4.0,3.0,other,at_home,course,mother,1.0,3.0,0.0,,yes,no,no,,yes,yes,no,5.0,3.0,,1.0,1.0,3.0,2.0,12.19086756,13.15258572,13.2131494
352,,F,15.0,U,GT3,T,,2.0,at_home,services,course,mother,1.0,,0.0,no,no,,no,no,yes,yes,no,3.0,2.0,3.0,1.0,2.0,1.0,0.0,14.16702999,,14.14916466
225,GP,M,17.0,U,,T,3.0,2.0,services,services,course,mother,2.0,1.0,3.0,no,yes,no,yes,no,no,no,no,,5.0,2.0,1.0,1.0,2.0,10.0,8.105635097,7.18857023,8.161374169
184,GP,,16.0,U,GT3,,4.0,4.0,health,other,home,mother,1.0,1.0,,no,,no,no,yes,yes,yes,no,4.0,4.0,4.0,1.0,2.0,2.0,6.0,17.14927413,17.13019395,17.10012922
9,GP,F,18.0,,GT3,,,4.0,other,teacher,home,mother,1.0,2.0,0.0,yes,yes,no,no,no,yes,no,yes,3.0,4.0,4.0,,2.0,5.0,2.0,10.15700386,,11.24410248
278,GP,M,15.0,U,LE3,T,4.0,4.0,health,services,course,father,1.0,1.0,0.0,no,yes,no,yes,yes,yes,yes,no,4.0,3.0,3.0,1.0,,5.0,0.0,12.11145645,,12.12189082
561,GP,M,17.0,R,LE3,T,1.0,1.0,other,services,,mother,4.0,,0.0,no,no,no,yes,yes,no,no,yes,5.0,3.0,5.0,1.0,5.0,5.0,0.0,8.110703618,8.189303804,8.105110281
404,,M,18.0,,LE3,T,2.0,2.0,,other,course,mother,1.0,4.0,0.0,,yes,yes,yes,yes,yes,yes,no,4.0,5.0,5.0,2.0,4.0,,,11.14576683,,12.18506498
439,GP,M,17.0,U,LE3,A,4.0,4.0,health,,reputation,mother,1.0,3.0,,no,yes,no,,yes,yes,yes,no,4.0,4.0,2.0,,2.0,,2.0,12.17902053,15.11900541,15.13166269
602,MS,F,16.0,R,GT3,T,0.0,2.0,other,other,other,,2.0,1.0,0.0,no,yes,,yes,yes,yes,,no,3.0,2.0,3.0,1.0,2.0,2.0,0.0,12.18224025,11.22930604,12.23227093
619,GP,M,,U,,T,1.0,,at_home,services,course,father,1.0,1.0,1.0,,no,no,no,,no,yes,no,5.0,3.0,3.0,1.0,,2.0,2.0,,8.1742546,8.229643311
203,GP,M,,U,GT3,T,4.0,2.0,health,other,course,mother,2.0,2.0,0.0,no,yes,no,yes,yes,yes,yes,,,4.0,4.0,1.0,1.0,1.0,9.0,11.14568934,10.178071,10.20346238
54,GP,,18.0,U,GT3,T,,2.0,other,services,reputation,father,1.0,,0.0,no,no,no,no,yes,no,yes,no,5.0,5.0,4.0,3.0,5.0,2.0,16.0,8.230069046,7.193162918,8.180130795
